-- Очистка старых данных
DELETE FROM dbo.Planet_Skills_Map;
DELETE FROM dbo.Planet_Risks_Map;
DELETE FROM dbo.Planets;
DELETE FROM dbo.Skills;
DELETE FROM dbo.Risks;
DELETE FROM dbo.Clusters;
GO

-- Вставка кластеров
SET IDENTITY_INSERT dbo.Clusters ON;
INSERT INTO dbo.Clusters (Id, Name, DisplayName, CrystalType, Description) VALUES (1, N'programming', N'Туманность Кибернетики', N'programming', N'Кластер IT и Data — технологии будущего, ИИ, кибербезопасность и инженерия данных.');
INSERT INTO dbo.Clusters (Id, Name, DisplayName, CrystalType, Description) VALUES (2, N'medicine', N'Туманность Целителей', N'medicine', N'Кластер биомедицины и нейронаук — персонализированная медицина, генетика и нейромоделирование.');
INSERT INTO dbo.Clusters (Id, Name, DisplayName, CrystalType, Description) VALUES (3, N'geology', N'Туманность Геодезистов', N'geology', N'Кластер экологии и среды — киберфизические системы, умные среды и виртуальное прототипирование.');
SET IDENTITY_INSERT dbo.Clusters OFF;
GO

-- Вставка Планет, Навыков и Рисков
SET IDENTITY_INSERT dbo.Planets ON;
INSERT INTO dbo.Planets (Id, ClusterId, Title, UnlockCost, Description) VALUES (1, 1, N'AI-архитектор', 5, N'Проектирует архитектуры искусственного интеллекта, выбирает модели, оркестрирует ML-пайплайны и обеспечивает масштабируемость AI-систем.');
SET IDENTITY_INSERT dbo.Planets OFF;
SET IDENTITY_INSERT dbo.Skills ON;
INSERT INTO dbo.Skills (Id, Name, SkillType) VALUES (1, N'Machine Learning', 'Hard');
SET IDENTITY_INSERT dbo.Skills OFF;
INSERT INTO dbo.Planet_Skills_Map (PlanetId, SkillId) VALUES (1, 1);
SET IDENTITY_INSERT dbo.Skills ON;
INSERT INTO dbo.Skills (Id, Name, SkillType) VALUES (2, N'System Design', 'Hard');
SET IDENTITY_INSERT dbo.Skills OFF;
INSERT INTO dbo.Planet_Skills_Map (PlanetId, SkillId) VALUES (1, 2);
SET IDENTITY_INSERT dbo.Skills ON;
INSERT INTO dbo.Skills (Id, Name, SkillType) VALUES (3, N'Python/C++', 'Hard');
SET IDENTITY_INSERT dbo.Skills OFF;
INSERT INTO dbo.Planet_Skills_Map (PlanetId, SkillId) VALUES (1, 3);
SET IDENTITY_INSERT dbo.Skills ON;
INSERT INTO dbo.Skills (Id, Name, SkillType) VALUES (4, N'MLOps', 'Hard');
SET IDENTITY_INSERT dbo.Skills OFF;
INSERT INTO dbo.Planet_Skills_Map (PlanetId, SkillId) VALUES (1, 4);
SET IDENTITY_INSERT dbo.Skills ON;
INSERT INTO dbo.Skills (Id, Name, SkillType) VALUES (5, N'Системное мышление', 'Soft');
SET IDENTITY_INSERT dbo.Skills OFF;
INSERT INTO dbo.Planet_Skills_Map (PlanetId, SkillId) VALUES (1, 5);
SET IDENTITY_INSERT dbo.Skills ON;
INSERT INTO dbo.Skills (Id, Name, SkillType) VALUES (6, N'Коммуникация с командой', 'Soft');
SET IDENTITY_INSERT dbo.Skills OFF;
INSERT INTO dbo.Planet_Skills_Map (PlanetId, SkillId) VALUES (1, 6);
SET IDENTITY_INSERT dbo.Skills ON;
INSERT INTO dbo.Skills (Id, Name, SkillType) VALUES (7, N'Управление неопределённостью', 'Soft');
SET IDENTITY_INSERT dbo.Skills OFF;
INSERT INTO dbo.Planet_Skills_Map (PlanetId, SkillId) VALUES (1, 7);
SET IDENTITY_INSERT dbo.Risks ON;
INSERT INTO dbo.Risks (Id, Name) VALUES (1, N'Быстрое устаревание технологий');
SET IDENTITY_INSERT dbo.Risks OFF;
INSERT INTO dbo.Planet_Risks_Map (PlanetId, RiskId) VALUES (1, 1);
SET IDENTITY_INSERT dbo.Risks ON;
INSERT INTO dbo.Risks (Id, Name) VALUES (2, N'Высокая конкуренция');
SET IDENTITY_INSERT dbo.Risks OFF;
INSERT INTO dbo.Planet_Risks_Map (PlanetId, RiskId) VALUES (1, 2);
SET IDENTITY_INSERT dbo.Planets ON;
INSERT INTO dbo.Planets (Id, ClusterId, Title, UnlockCost, Description) VALUES (2, 1, N'Big Data Analyst', 6, N'Анализирует огромные массивы данных, строит модели и выдаёт инсайты для бизнес-решений.');
SET IDENTITY_INSERT dbo.Planets OFF;
SET IDENTITY_INSERT dbo.Skills ON;
INSERT INTO dbo.Skills (Id, Name, SkillType) VALUES (8, N'SQL/NoSQL', 'Hard');
SET IDENTITY_INSERT dbo.Skills OFF;
INSERT INTO dbo.Planet_Skills_Map (PlanetId, SkillId) VALUES (2, 8);
SET IDENTITY_INSERT dbo.Skills ON;
INSERT INTO dbo.Skills (Id, Name, SkillType) VALUES (9, N'Python/R', 'Hard');
SET IDENTITY_INSERT dbo.Skills OFF;
INSERT INTO dbo.Planet_Skills_Map (PlanetId, SkillId) VALUES (2, 9);
SET IDENTITY_INSERT dbo.Skills ON;
INSERT INTO dbo.Skills (Id, Name, SkillType) VALUES (10, N'Spark', 'Hard');
SET IDENTITY_INSERT dbo.Skills OFF;
INSERT INTO dbo.Planet_Skills_Map (PlanetId, SkillId) VALUES (2, 10);
SET IDENTITY_INSERT dbo.Skills ON;
INSERT INTO dbo.Skills (Id, Name, SkillType) VALUES (11, N'Визуализация данных', 'Hard');
SET IDENTITY_INSERT dbo.Skills OFF;
INSERT INTO dbo.Planet_Skills_Map (PlanetId, SkillId) VALUES (2, 11);
SET IDENTITY_INSERT dbo.Skills ON;
INSERT INTO dbo.Skills (Id, Name, SkillType) VALUES (12, N'Аналитическое мышление', 'Soft');
SET IDENTITY_INSERT dbo.Skills OFF;
INSERT INTO dbo.Planet_Skills_Map (PlanetId, SkillId) VALUES (2, 12);
SET IDENTITY_INSERT dbo.Skills ON;
INSERT INTO dbo.Skills (Id, Name, SkillType) VALUES (13, N'Презентация результатов', 'Soft');
SET IDENTITY_INSERT dbo.Skills OFF;
INSERT INTO dbo.Planet_Skills_Map (PlanetId, SkillId) VALUES (2, 13);
SET IDENTITY_INSERT dbo.Risks ON;
INSERT INTO dbo.Risks (Id, Name) VALUES (3, N'Автоматизация базовой аналитики AI-инструментами');
SET IDENTITY_INSERT dbo.Risks OFF;
INSERT INTO dbo.Planet_Risks_Map (PlanetId, RiskId) VALUES (2, 3);
SET IDENTITY_INSERT dbo.Planets ON;
INSERT INTO dbo.Planets (Id, ClusterId, Title, UnlockCost, Description) VALUES (3, 1, N'Архитектор информационных систем', 7, N'Проектирует архитектуру крупных информационных систем, определяет стек технологий и обеспечивает интеграцию компонентов.');
SET IDENTITY_INSERT dbo.Planets OFF;
SET IDENTITY_INSERT dbo.Skills ON;
INSERT INTO dbo.Skills (Id, Name, SkillType) VALUES (14, N'Системный анализ', 'Hard');
SET IDENTITY_INSERT dbo.Skills OFF;
INSERT INTO dbo.Planet_Skills_Map (PlanetId, SkillId) VALUES (3, 14);
SET IDENTITY_INSERT dbo.Skills ON;
INSERT INTO dbo.Skills (Id, Name, SkillType) VALUES (15, N'UML/BPMN', 'Hard');
SET IDENTITY_INSERT dbo.Skills OFF;
INSERT INTO dbo.Planet_Skills_Map (PlanetId, SkillId) VALUES (3, 15);
SET IDENTITY_INSERT dbo.Skills ON;
INSERT INTO dbo.Skills (Id, Name, SkillType) VALUES (16, N'Cloud Architecture', 'Hard');
SET IDENTITY_INSERT dbo.Skills OFF;
INSERT INTO dbo.Planet_Skills_Map (PlanetId, SkillId) VALUES (3, 16);
SET IDENTITY_INSERT dbo.Skills ON;
INSERT INTO dbo.Skills (Id, Name, SkillType) VALUES (17, N'Микросервисы', 'Hard');
SET IDENTITY_INSERT dbo.Skills OFF;
INSERT INTO dbo.Planet_Skills_Map (PlanetId, SkillId) VALUES (3, 17);
SET IDENTITY_INSERT dbo.Skills ON;
INSERT INTO dbo.Skills (Id, Name, SkillType) VALUES (18, N'Стратегическое мышление', 'Soft');
SET IDENTITY_INSERT dbo.Skills OFF;
INSERT INTO dbo.Planet_Skills_Map (PlanetId, SkillId) VALUES (3, 18);
SET IDENTITY_INSERT dbo.Skills ON;
INSERT INTO dbo.Skills (Id, Name, SkillType) VALUES (19, N'Переговоры с заказчиком', 'Soft');
SET IDENTITY_INSERT dbo.Skills OFF;
INSERT INTO dbo.Planet_Skills_Map (PlanetId, SkillId) VALUES (3, 19);
SET IDENTITY_INSERT dbo.Risks ON;
INSERT INTO dbo.Risks (Id, Name) VALUES (4, N'Высокая ответственность за архитектурные решения');
SET IDENTITY_INSERT dbo.Risks OFF;
INSERT INTO dbo.Planet_Risks_Map (PlanetId, RiskId) VALUES (3, 4);
SET IDENTITY_INSERT dbo.Planets ON;
INSERT INTO dbo.Planets (Id, ClusterId, Title, UnlockCost, Description) VALUES (4, 1, N'Дизайнер интерфейсов', 4, N'Проектирует пользовательский опыт цифровых продуктов: исследует потребности, создаёт прототипы и тестирует решения.');
SET IDENTITY_INSERT dbo.Planets OFF;
SET IDENTITY_INSERT dbo.Skills ON;
INSERT INTO dbo.Skills (Id, Name, SkillType) VALUES (20, N'Figma/Sketch', 'Hard');
SET IDENTITY_INSERT dbo.Skills OFF;
INSERT INTO dbo.Planet_Skills_Map (PlanetId, SkillId) VALUES (4, 20);
SET IDENTITY_INSERT dbo.Skills ON;
INSERT INTO dbo.Skills (Id, Name, SkillType) VALUES (21, N'UX-исследования', 'Hard');
SET IDENTITY_INSERT dbo.Skills OFF;
INSERT INTO dbo.Planet_Skills_Map (PlanetId, SkillId) VALUES (4, 21);
SET IDENTITY_INSERT dbo.Skills ON;
INSERT INTO dbo.Skills (Id, Name, SkillType) VALUES (22, N'Прототипирование', 'Hard');
SET IDENTITY_INSERT dbo.Skills OFF;
INSERT INTO dbo.Planet_Skills_Map (PlanetId, SkillId) VALUES (4, 22);
SET IDENTITY_INSERT dbo.Skills ON;
INSERT INTO dbo.Skills (Id, Name, SkillType) VALUES (23, N'A/B тестирование', 'Hard');
SET IDENTITY_INSERT dbo.Skills OFF;
INSERT INTO dbo.Planet_Skills_Map (PlanetId, SkillId) VALUES (4, 23);
SET IDENTITY_INSERT dbo.Skills ON;
INSERT INTO dbo.Skills (Id, Name, SkillType) VALUES (24, N'Эмпатия', 'Soft');
SET IDENTITY_INSERT dbo.Skills OFF;
INSERT INTO dbo.Planet_Skills_Map (PlanetId, SkillId) VALUES (4, 24);
SET IDENTITY_INSERT dbo.Skills ON;
INSERT INTO dbo.Skills (Id, Name, SkillType) VALUES (25, N'Критическое мышление', 'Soft');
SET IDENTITY_INSERT dbo.Skills OFF;
INSERT INTO dbo.Planet_Skills_Map (PlanetId, SkillId) VALUES (4, 25);
SET IDENTITY_INSERT dbo.Skills ON;
INSERT INTO dbo.Skills (Id, Name, SkillType) VALUES (26, N'Презентация', 'Soft');
SET IDENTITY_INSERT dbo.Skills OFF;
INSERT INTO dbo.Planet_Skills_Map (PlanetId, SkillId) VALUES (4, 26);
SET IDENTITY_INSERT dbo.Risks ON;
INSERT INTO dbo.Risks (Id, Name) VALUES (5, N'Автоматизация части задач AI-инструментами');
SET IDENTITY_INSERT dbo.Risks OFF;
INSERT INTO dbo.Planet_Risks_Map (PlanetId, RiskId) VALUES (4, 5);
SET IDENTITY_INSERT dbo.Planets ON;
INSERT INTO dbo.Planets (Id, ClusterId, Title, UnlockCost, Description) VALUES (5, 1, N'ИТ-аудитор', 5, N'Проверяет информационные системы организации на соответствие стандартам безопасности и эффективности.');
SET IDENTITY_INSERT dbo.Planets OFF;
SET IDENTITY_INSERT dbo.Skills ON;
INSERT INTO dbo.Skills (Id, Name, SkillType) VALUES (27, N'ISO 27001', 'Hard');
SET IDENTITY_INSERT dbo.Skills OFF;
INSERT INTO dbo.Planet_Skills_Map (PlanetId, SkillId) VALUES (5, 27);
SET IDENTITY_INSERT dbo.Skills ON;
INSERT INTO dbo.Skills (Id, Name, SkillType) VALUES (28, N'COBIT', 'Hard');
SET IDENTITY_INSERT dbo.Skills OFF;
INSERT INTO dbo.Planet_Skills_Map (PlanetId, SkillId) VALUES (5, 28);
SET IDENTITY_INSERT dbo.Skills ON;
INSERT INTO dbo.Skills (Id, Name, SkillType) VALUES (29, N'Сетевые технологии', 'Hard');
SET IDENTITY_INSERT dbo.Skills OFF;
INSERT INTO dbo.Planet_Skills_Map (PlanetId, SkillId) VALUES (5, 29);
SET IDENTITY_INSERT dbo.Skills ON;
INSERT INTO dbo.Skills (Id, Name, SkillType) VALUES (30, N'Анализ рисков', 'Hard');
SET IDENTITY_INSERT dbo.Skills OFF;
INSERT INTO dbo.Planet_Skills_Map (PlanetId, SkillId) VALUES (5, 30);
SET IDENTITY_INSERT dbo.Skills ON;
INSERT INTO dbo.Skills (Id, Name, SkillType) VALUES (31, N'Внимательность к деталям', 'Soft');
SET IDENTITY_INSERT dbo.Skills OFF;
INSERT INTO dbo.Planet_Skills_Map (PlanetId, SkillId) VALUES (5, 31);
SET IDENTITY_INSERT dbo.Skills ON;
INSERT INTO dbo.Skills (Id, Name, SkillType) VALUES (32, N'Коммуникация', 'Soft');
SET IDENTITY_INSERT dbo.Skills OFF;
INSERT INTO dbo.Planet_Skills_Map (PlanetId, SkillId) VALUES (5, 32);
SET IDENTITY_INSERT dbo.Skills ON;
INSERT INTO dbo.Skills (Id, Name, SkillType) VALUES (33, N'Объективность', 'Soft');
SET IDENTITY_INSERT dbo.Skills OFF;
INSERT INTO dbo.Planet_Skills_Map (PlanetId, SkillId) VALUES (5, 33);
SET IDENTITY_INSERT dbo.Risks ON;
INSERT INTO dbo.Risks (Id, Name) VALUES (6, N'Рутинность при проверках стандартных систем');
SET IDENTITY_INSERT dbo.Risks OFF;
INSERT INTO dbo.Planet_Risks_Map (PlanetId, RiskId) VALUES (5, 6);
SET IDENTITY_INSERT dbo.Planets ON;
INSERT INTO dbo.Planets (Id, ClusterId, Title, UnlockCost, Description) VALUES (6, 1, N'Инженер данных', 6, N'Строит и обслуживает инфраструктуру для сбора, хранения и обработки больших объёмов данных.');
SET IDENTITY_INSERT dbo.Planets OFF;
SET IDENTITY_INSERT dbo.Skills ON;
INSERT INTO dbo.Skills (Id, Name, SkillType) VALUES (34, N'Apache Spark/Kafka', 'Hard');
SET IDENTITY_INSERT dbo.Skills OFF;
INSERT INTO dbo.Planet_Skills_Map (PlanetId, SkillId) VALUES (6, 34);
INSERT INTO dbo.Planet_Skills_Map (PlanetId, SkillId) VALUES (6, 8);
SET IDENTITY_INSERT dbo.Skills ON;
INSERT INTO dbo.Skills (Id, Name, SkillType) VALUES (35, N'Cloud (AWS/GCP/Azure)', 'Hard');
SET IDENTITY_INSERT dbo.Skills OFF;
INSERT INTO dbo.Planet_Skills_Map (PlanetId, SkillId) VALUES (6, 35);
SET IDENTITY_INSERT dbo.Skills ON;
INSERT INTO dbo.Skills (Id, Name, SkillType) VALUES (36, N'Python', 'Hard');
SET IDENTITY_INSERT dbo.Skills OFF;
INSERT INTO dbo.Planet_Skills_Map (PlanetId, SkillId) VALUES (6, 36);
SET IDENTITY_INSERT dbo.Skills ON;
INSERT INTO dbo.Skills (Id, Name, SkillType) VALUES (37, N'Надёжность', 'Soft');
SET IDENTITY_INSERT dbo.Skills OFF;
INSERT INTO dbo.Planet_Skills_Map (PlanetId, SkillId) VALUES (6, 37);
SET IDENTITY_INSERT dbo.Skills ON;
INSERT INTO dbo.Skills (Id, Name, SkillType) VALUES (38, N'Документирование', 'Soft');
SET IDENTITY_INSERT dbo.Skills OFF;
INSERT INTO dbo.Planet_Skills_Map (PlanetId, SkillId) VALUES (6, 38);
SET IDENTITY_INSERT dbo.Skills ON;
INSERT INTO dbo.Skills (Id, Name, SkillType) VALUES (39, N'Коммуникация с аналитиками', 'Soft');
SET IDENTITY_INSERT dbo.Skills OFF;
INSERT INTO dbo.Planet_Skills_Map (PlanetId, SkillId) VALUES (6, 39);
SET IDENTITY_INSERT dbo.Risks ON;
INSERT INTO dbo.Risks (Id, Name) VALUES (7, N'Быстрое изменение технологического ландшафта');
SET IDENTITY_INSERT dbo.Risks OFF;
INSERT INTO dbo.Planet_Risks_Map (PlanetId, RiskId) VALUES (6, 7);
SET IDENTITY_INSERT dbo.Planets ON;
INSERT INTO dbo.Planets (Id, ClusterId, Title, UnlockCost, Description) VALUES (7, 1, N'Инженер-разработчик IoT', 7, N'Разрабатывает программное и аппаратное обеспечение для Интернета вещей — датчики, контроллеры и облачные платформы.');
SET IDENTITY_INSERT dbo.Planets OFF;
SET IDENTITY_INSERT dbo.Skills ON;
INSERT INTO dbo.Skills (Id, Name, SkillType) VALUES (40, N'Embedded C/C++', 'Hard');
SET IDENTITY_INSERT dbo.Skills OFF;
INSERT INTO dbo.Planet_Skills_Map (PlanetId, SkillId) VALUES (7, 40);
SET IDENTITY_INSERT dbo.Skills ON;
INSERT INTO dbo.Skills (Id, Name, SkillType) VALUES (41, N'MQTT/CoAP', 'Hard');
SET IDENTITY_INSERT dbo.Skills OFF;
INSERT INTO dbo.Planet_Skills_Map (PlanetId, SkillId) VALUES (7, 41);
SET IDENTITY_INSERT dbo.Skills ON;
INSERT INTO dbo.Skills (Id, Name, SkillType) VALUES (42, N'Электроника', 'Hard');
SET IDENTITY_INSERT dbo.Skills OFF;
INSERT INTO dbo.Planet_Skills_Map (PlanetId, SkillId) VALUES (7, 42);
SET IDENTITY_INSERT dbo.Skills ON;
INSERT INTO dbo.Skills (Id, Name, SkillType) VALUES (43, N'Облачные платформы IoT', 'Hard');
SET IDENTITY_INSERT dbo.Skills OFF;
INSERT INTO dbo.Planet_Skills_Map (PlanetId, SkillId) VALUES (7, 43);
SET IDENTITY_INSERT dbo.Skills ON;
INSERT INTO dbo.Skills (Id, Name, SkillType) VALUES (44, N'Инженерная изобретательность', 'Soft');
SET IDENTITY_INSERT dbo.Skills OFF;
INSERT INTO dbo.Planet_Skills_Map (PlanetId, SkillId) VALUES (7, 44);
SET IDENTITY_INSERT dbo.Skills ON;
INSERT INTO dbo.Skills (Id, Name, SkillType) VALUES (45, N'Работа с датчиками', 'Soft');
SET IDENTITY_INSERT dbo.Skills OFF;
INSERT INTO dbo.Planet_Skills_Map (PlanetId, SkillId) VALUES (7, 45);
SET IDENTITY_INSERT dbo.Risks ON;
INSERT INTO dbo.Risks (Id, Name) VALUES (8, N'Уязвимости безопасности IoT-устройств');
SET IDENTITY_INSERT dbo.Risks OFF;
INSERT INTO dbo.Planet_Risks_Map (PlanetId, RiskId) VALUES (7, 8);
SET IDENTITY_INSERT dbo.Planets ON;
INSERT INTO dbo.Planets (Id, ClusterId, Title, UnlockCost, Description) VALUES (8, 1, N'Квантовый инженер', 10, N'Разрабатывает квантовые алгоритмы и аппаратные реализации квантовых вычислений.');
SET IDENTITY_INSERT dbo.Planets OFF;
SET IDENTITY_INSERT dbo.Skills ON;
INSERT INTO dbo.Skills (Id, Name, SkillType) VALUES (46, N'Квантовая физика', 'Hard');
SET IDENTITY_INSERT dbo.Skills OFF;
INSERT INTO dbo.Planet_Skills_Map (PlanetId, SkillId) VALUES (8, 46);
SET IDENTITY_INSERT dbo.Skills ON;
INSERT INTO dbo.Skills (Id, Name, SkillType) VALUES (47, N'Qiskit/Cirq', 'Hard');
SET IDENTITY_INSERT dbo.Skills OFF;
INSERT INTO dbo.Planet_Skills_Map (PlanetId, SkillId) VALUES (8, 47);
SET IDENTITY_INSERT dbo.Skills ON;
INSERT INTO dbo.Skills (Id, Name, SkillType) VALUES (48, N'Линейная алгебра', 'Hard');
SET IDENTITY_INSERT dbo.Skills OFF;
INSERT INTO dbo.Planet_Skills_Map (PlanetId, SkillId) VALUES (8, 48);
SET IDENTITY_INSERT dbo.Skills ON;
INSERT INTO dbo.Skills (Id, Name, SkillType) VALUES (49, N'C++', 'Hard');
SET IDENTITY_INSERT dbo.Skills OFF;
INSERT INTO dbo.Planet_Skills_Map (PlanetId, SkillId) VALUES (8, 49);
SET IDENTITY_INSERT dbo.Skills ON;
INSERT INTO dbo.Skills (Id, Name, SkillType) VALUES (50, N'Абстрактное мышление', 'Soft');
SET IDENTITY_INSERT dbo.Skills OFF;
INSERT INTO dbo.Planet_Skills_Map (PlanetId, SkillId) VALUES (8, 50);
SET IDENTITY_INSERT dbo.Skills ON;
INSERT INTO dbo.Skills (Id, Name, SkillType) VALUES (51, N'Терпение в исследованиях', 'Soft');
SET IDENTITY_INSERT dbo.Skills OFF;
INSERT INTO dbo.Planet_Skills_Map (PlanetId, SkillId) VALUES (8, 51);
SET IDENTITY_INSERT dbo.Risks ON;
INSERT INTO dbo.Risks (Id, Name) VALUES (9, N'Технология на раннем этапе развития');
SET IDENTITY_INSERT dbo.Risks OFF;
INSERT INTO dbo.Planet_Risks_Map (PlanetId, RiskId) VALUES (8, 9);
SET IDENTITY_INSERT dbo.Risks ON;
INSERT INTO dbo.Risks (Id, Name) VALUES (10, N'Очень высокий порог входа');
SET IDENTITY_INSERT dbo.Risks OFF;
INSERT INTO dbo.Planet_Risks_Map (PlanetId, RiskId) VALUES (8, 10);
SET IDENTITY_INSERT dbo.Planets ON;
INSERT INTO dbo.Planets (Id, ClusterId, Title, UnlockCost, Description) VALUES (9, 1, N'Кибернетик', 8, N'Исследует и моделирует сложные системы управления — от роботов до экономических моделей, применяя принципы обратной связи.');
SET IDENTITY_INSERT dbo.Planets OFF;
SET IDENTITY_INSERT dbo.Skills ON;
INSERT INTO dbo.Skills (Id, Name, SkillType) VALUES (52, N'Теория управления', 'Hard');
SET IDENTITY_INSERT dbo.Skills OFF;
INSERT INTO dbo.Planet_Skills_Map (PlanetId, SkillId) VALUES (9, 52);
SET IDENTITY_INSERT dbo.Skills ON;
INSERT INTO dbo.Skills (Id, Name, SkillType) VALUES (53, N'Моделирование систем', 'Hard');
SET IDENTITY_INSERT dbo.Skills OFF;
INSERT INTO dbo.Planet_Skills_Map (PlanetId, SkillId) VALUES (9, 53);
SET IDENTITY_INSERT dbo.Skills ON;
INSERT INTO dbo.Skills (Id, Name, SkillType) VALUES (54, N'MATLAB/Simulink', 'Hard');
SET IDENTITY_INSERT dbo.Skills OFF;
INSERT INTO dbo.Planet_Skills_Map (PlanetId, SkillId) VALUES (9, 54);
INSERT INTO dbo.Planet_Skills_Map (PlanetId, SkillId) VALUES (9, 36);
INSERT INTO dbo.Planet_Skills_Map (PlanetId, SkillId) VALUES (9, 5);
SET IDENTITY_INSERT dbo.Skills ON;
INSERT INTO dbo.Skills (Id, Name, SkillType) VALUES (55, N'Междисциплинарность', 'Soft');
SET IDENTITY_INSERT dbo.Skills OFF;
INSERT INTO dbo.Planet_Skills_Map (PlanetId, SkillId) VALUES (9, 55);
SET IDENTITY_INSERT dbo.Risks ON;
INSERT INTO dbo.Risks (Id, Name) VALUES (11, N'Узкая академическая специализация');
SET IDENTITY_INSERT dbo.Risks OFF;
INSERT INTO dbo.Planet_Risks_Map (PlanetId, RiskId) VALUES (9, 11);
SET IDENTITY_INSERT dbo.Planets ON;
INSERT INTO dbo.Planets (Id, ClusterId, Title, UnlockCost, Description) VALUES (10, 1, N'Куратор информационной безопасности', 5, N'Выстраивает политику ИБ организации, управляет рисками и реагирует на инциденты.');
SET IDENTITY_INSERT dbo.Planets OFF;
SET IDENTITY_INSERT dbo.Skills ON;
INSERT INTO dbo.Skills (Id, Name, SkillType) VALUES (56, N'Penetration Testing', 'Hard');
SET IDENTITY_INSERT dbo.Skills OFF;
INSERT INTO dbo.Planet_Skills_Map (PlanetId, SkillId) VALUES (10, 56);
SET IDENTITY_INSERT dbo.Skills ON;
INSERT INTO dbo.Skills (Id, Name, SkillType) VALUES (57, N'SOC', 'Hard');
SET IDENTITY_INSERT dbo.Skills OFF;
INSERT INTO dbo.Planet_Skills_Map (PlanetId, SkillId) VALUES (10, 57);
INSERT INTO dbo.Planet_Skills_Map (PlanetId, SkillId) VALUES (10, 27);
SET IDENTITY_INSERT dbo.Skills ON;
INSERT INTO dbo.Skills (Id, Name, SkillType) VALUES (58, N'Сети и протоколы', 'Hard');
SET IDENTITY_INSERT dbo.Skills OFF;
INSERT INTO dbo.Planet_Skills_Map (PlanetId, SkillId) VALUES (10, 58);
SET IDENTITY_INSERT dbo.Skills ON;
INSERT INTO dbo.Skills (Id, Name, SkillType) VALUES (59, N'Управление рисками', 'Soft');
SET IDENTITY_INSERT dbo.Skills OFF;
INSERT INTO dbo.Planet_Skills_Map (PlanetId, SkillId) VALUES (10, 59);
SET IDENTITY_INSERT dbo.Skills ON;
INSERT INTO dbo.Skills (Id, Name, SkillType) VALUES (60, N'Лидерство', 'Soft');
SET IDENTITY_INSERT dbo.Skills OFF;
INSERT INTO dbo.Planet_Skills_Map (PlanetId, SkillId) VALUES (10, 60);
INSERT INTO dbo.Planet_Skills_Map (PlanetId, SkillId) VALUES (10, 32);
SET IDENTITY_INSERT dbo.Risks ON;
INSERT INTO dbo.Risks (Id, Name) VALUES (12, N'Постоянное обновление угроз');
SET IDENTITY_INSERT dbo.Risks OFF;
INSERT INTO dbo.Planet_Risks_Map (PlanetId, RiskId) VALUES (10, 12);
SET IDENTITY_INSERT dbo.Planets ON;
INSERT INTO dbo.Planets (Id, ClusterId, Title, UnlockCost, Description) VALUES (11, 1, N'Разработчик систем диспетчеризации', 7, N'Создаёт системы мониторинга и управления сложными объектами: энергосети, транспорт, производства.');
SET IDENTITY_INSERT dbo.Planets OFF;
SET IDENTITY_INSERT dbo.Skills ON;
INSERT INTO dbo.Skills (Id, Name, SkillType) VALUES (61, N'SCADA', 'Hard');
SET IDENTITY_INSERT dbo.Skills OFF;
INSERT INTO dbo.Planet_Skills_Map (PlanetId, SkillId) VALUES (11, 61);
SET IDENTITY_INSERT dbo.Skills ON;
INSERT INTO dbo.Skills (Id, Name, SkillType) VALUES (62, N'PLC-программирование', 'Hard');
SET IDENTITY_INSERT dbo.Skills OFF;
INSERT INTO dbo.Planet_Skills_Map (PlanetId, SkillId) VALUES (11, 62);
SET IDENTITY_INSERT dbo.Skills ON;
INSERT INTO dbo.Skills (Id, Name, SkillType) VALUES (63, N'Сетевые протоколы', 'Hard');
SET IDENTITY_INSERT dbo.Skills OFF;
INSERT INTO dbo.Planet_Skills_Map (PlanetId, SkillId) VALUES (11, 63);
SET IDENTITY_INSERT dbo.Skills ON;
INSERT INTO dbo.Skills (Id, Name, SkillType) VALUES (64, N'БД реального времени', 'Hard');
SET IDENTITY_INSERT dbo.Skills OFF;
INSERT INTO dbo.Planet_Skills_Map (PlanetId, SkillId) VALUES (11, 64);
SET IDENTITY_INSERT dbo.Skills ON;
INSERT INTO dbo.Skills (Id, Name, SkillType) VALUES (65, N'Ответственность', 'Soft');
SET IDENTITY_INSERT dbo.Skills OFF;
INSERT INTO dbo.Planet_Skills_Map (PlanetId, SkillId) VALUES (11, 65);
SET IDENTITY_INSERT dbo.Skills ON;
INSERT INTO dbo.Skills (Id, Name, SkillType) VALUES (66, N'Работа в режиме 24/7', 'Soft');
SET IDENTITY_INSERT dbo.Skills OFF;
INSERT INTO dbo.Planet_Skills_Map (PlanetId, SkillId) VALUES (11, 66);
SET IDENTITY_INSERT dbo.Risks ON;
INSERT INTO dbo.Risks (Id, Name) VALUES (13, N'Критическая инфраструктура — высокая ответственность');
SET IDENTITY_INSERT dbo.Risks OFF;
INSERT INTO dbo.Planet_Risks_Map (PlanetId, RiskId) VALUES (11, 13);
SET IDENTITY_INSERT dbo.Planets ON;
INSERT INTO dbo.Planets (Id, ClusterId, Title, UnlockCost, Description) VALUES (12, 1, N'Разработчик моделей Big Data', 8, N'Создаёт и оптимизирует предиктивные модели для работы с большими данными в бизнес- и научной среде.');
SET IDENTITY_INSERT dbo.Planets OFF;
SET IDENTITY_INSERT dbo.Skills ON;
INSERT INTO dbo.Skills (Id, Name, SkillType) VALUES (67, N'Python/Scala', 'Hard');
SET IDENTITY_INSERT dbo.Skills OFF;
INSERT INTO dbo.Planet_Skills_Map (PlanetId, SkillId) VALUES (12, 67);
SET IDENTITY_INSERT dbo.Skills ON;
INSERT INTO dbo.Skills (Id, Name, SkillType) VALUES (68, N'TensorFlow/PyTorch', 'Hard');
SET IDENTITY_INSERT dbo.Skills OFF;
INSERT INTO dbo.Planet_Skills_Map (PlanetId, SkillId) VALUES (12, 68);
SET IDENTITY_INSERT dbo.Skills ON;
INSERT INTO dbo.Skills (Id, Name, SkillType) VALUES (69, N'Feature Engineering', 'Hard');
SET IDENTITY_INSERT dbo.Skills OFF;
INSERT INTO dbo.Planet_Skills_Map (PlanetId, SkillId) VALUES (12, 69);
SET IDENTITY_INSERT dbo.Skills ON;
INSERT INTO dbo.Skills (Id, Name, SkillType) VALUES (70, N'Статистика', 'Hard');
SET IDENTITY_INSERT dbo.Skills OFF;
INSERT INTO dbo.Planet_Skills_Map (PlanetId, SkillId) VALUES (12, 70);
SET IDENTITY_INSERT dbo.Skills ON;
INSERT INTO dbo.Skills (Id, Name, SkillType) VALUES (71, N'Терпение', 'Soft');
SET IDENTITY_INSERT dbo.Skills OFF;
INSERT INTO dbo.Planet_Skills_Map (PlanetId, SkillId) VALUES (12, 71);
SET IDENTITY_INSERT dbo.Skills ON;
INSERT INTO dbo.Skills (Id, Name, SkillType) VALUES (72, N'Навык визуализации данных', 'Soft');
SET IDENTITY_INSERT dbo.Skills OFF;
INSERT INTO dbo.Planet_Skills_Map (PlanetId, SkillId) VALUES (12, 72);
SET IDENTITY_INSERT dbo.Risks ON;
INSERT INTO dbo.Risks (Id, Name) VALUES (14, N'Зависимость от качества данных');
SET IDENTITY_INSERT dbo.Risks OFF;
INSERT INTO dbo.Planet_Risks_Map (PlanetId, RiskId) VALUES (12, 14);
SET IDENTITY_INSERT dbo.Planets ON;
INSERT INTO dbo.Planets (Id, ClusterId, Title, UnlockCost, Description) VALUES (13, 1, N'Специалист по ИИ', 6, N'Разрабатывает и внедряет алгоритмы искусственного интеллекта для автоматизации процессов и принятия решений.');
SET IDENTITY_INSERT dbo.Planets OFF;
SET IDENTITY_INSERT dbo.Skills ON;
INSERT INTO dbo.Skills (Id, Name, SkillType) VALUES (73, N'Deep Learning', 'Hard');
SET IDENTITY_INSERT dbo.Skills OFF;
INSERT INTO dbo.Planet_Skills_Map (PlanetId, SkillId) VALUES (13, 73);
SET IDENTITY_INSERT dbo.Skills ON;
INSERT INTO dbo.Skills (Id, Name, SkillType) VALUES (74, N'NLP', 'Hard');
SET IDENTITY_INSERT dbo.Skills OFF;
INSERT INTO dbo.Planet_Skills_Map (PlanetId, SkillId) VALUES (13, 74);
SET IDENTITY_INSERT dbo.Skills ON;
INSERT INTO dbo.Skills (Id, Name, SkillType) VALUES (75, N'Computer Vision', 'Hard');
SET IDENTITY_INSERT dbo.Skills OFF;
INSERT INTO dbo.Planet_Skills_Map (PlanetId, SkillId) VALUES (13, 75);
INSERT INTO dbo.Planet_Skills_Map (PlanetId, SkillId) VALUES (13, 36);
SET IDENTITY_INSERT dbo.Skills ON;
INSERT INTO dbo.Skills (Id, Name, SkillType) VALUES (76, N'Научный подход', 'Soft');
SET IDENTITY_INSERT dbo.Skills OFF;
INSERT INTO dbo.Planet_Skills_Map (PlanetId, SkillId) VALUES (13, 76);
INSERT INTO dbo.Planet_Skills_Map (PlanetId, SkillId) VALUES (13, 25);
SET IDENTITY_INSERT dbo.Risks ON;
INSERT INTO dbo.Risks (Id, Name) VALUES (15, N'Этические дилеммы AI');
SET IDENTITY_INSERT dbo.Risks OFF;
INSERT INTO dbo.Planet_Risks_Map (PlanetId, RiskId) VALUES (13, 15);
SET IDENTITY_INSERT dbo.Risks ON;
INSERT INTO dbo.Risks (Id, Name) VALUES (16, N'Регуляторные риски');
SET IDENTITY_INSERT dbo.Risks OFF;
INSERT INTO dbo.Planet_Risks_Map (PlanetId, RiskId) VALUES (13, 16);
SET IDENTITY_INSERT dbo.Planets ON;
INSERT INTO dbo.Planets (Id, ClusterId, Title, UnlockCost, Description) VALUES (14, 1, N'Специалист по компьютерному зрению', 7, N'Разрабатывает алгоритмы распознавания и анализа изображений и видео для роботов, медицины и безопасности.');
SET IDENTITY_INSERT dbo.Planets OFF;
SET IDENTITY_INSERT dbo.Skills ON;
INSERT INTO dbo.Skills (Id, Name, SkillType) VALUES (77, N'OpenCV', 'Hard');
SET IDENTITY_INSERT dbo.Skills OFF;
INSERT INTO dbo.Planet_Skills_Map (PlanetId, SkillId) VALUES (14, 77);
SET IDENTITY_INSERT dbo.Skills ON;
INSERT INTO dbo.Skills (Id, Name, SkillType) VALUES (78, N'Deep Learning (CNN)', 'Hard');
SET IDENTITY_INSERT dbo.Skills OFF;
INSERT INTO dbo.Planet_Skills_Map (PlanetId, SkillId) VALUES (14, 78);
INSERT INTO dbo.Planet_Skills_Map (PlanetId, SkillId) VALUES (14, 3);
SET IDENTITY_INSERT dbo.Skills ON;
INSERT INTO dbo.Skills (Id, Name, SkillType) VALUES (79, N'3D Vision', 'Hard');
SET IDENTITY_INSERT dbo.Skills OFF;
INSERT INTO dbo.Planet_Skills_Map (PlanetId, SkillId) VALUES (14, 79);
SET IDENTITY_INSERT dbo.Skills ON;
INSERT INTO dbo.Skills (Id, Name, SkillType) VALUES (80, N'Визуальное мышление', 'Soft');
SET IDENTITY_INSERT dbo.Skills OFF;
INSERT INTO dbo.Planet_Skills_Map (PlanetId, SkillId) VALUES (14, 80);
SET IDENTITY_INSERT dbo.Skills ON;
INSERT INTO dbo.Skills (Id, Name, SkillType) VALUES (81, N'Работа с данными', 'Soft');
SET IDENTITY_INSERT dbo.Skills OFF;
INSERT INTO dbo.Planet_Skills_Map (PlanetId, SkillId) VALUES (14, 81);
SET IDENTITY_INSERT dbo.Risks ON;
INSERT INTO dbo.Risks (Id, Name) VALUES (17, N'Вопросы приватности и слежки');
SET IDENTITY_INSERT dbo.Risks OFF;
INSERT INTO dbo.Planet_Risks_Map (PlanetId, RiskId) VALUES (14, 17);
SET IDENTITY_INSERT dbo.Planets ON;
INSERT INTO dbo.Planets (Id, ClusterId, Title, UnlockCost, Description) VALUES (15, 2, N'Врач персонифицированной медицины', 6, N'Разрабатывает индивидуальные схемы лечения на основе генетического профиля и данных биомаркеров пациента.');
SET IDENTITY_INSERT dbo.Planets OFF;
SET IDENTITY_INSERT dbo.Skills ON;
INSERT INTO dbo.Skills (Id, Name, SkillType) VALUES (82, N'Геномика', 'Hard');
SET IDENTITY_INSERT dbo.Skills OFF;
INSERT INTO dbo.Planet_Skills_Map (PlanetId, SkillId) VALUES (15, 82);
SET IDENTITY_INSERT dbo.Skills ON;
INSERT INTO dbo.Skills (Id, Name, SkillType) VALUES (83, N'Клиническая медицина', 'Hard');
SET IDENTITY_INSERT dbo.Skills OFF;
INSERT INTO dbo.Planet_Skills_Map (PlanetId, SkillId) VALUES (15, 83);
SET IDENTITY_INSERT dbo.Skills ON;
INSERT INTO dbo.Skills (Id, Name, SkillType) VALUES (84, N'Биоинформатика', 'Hard');
SET IDENTITY_INSERT dbo.Skills OFF;
INSERT INTO dbo.Planet_Skills_Map (PlanetId, SkillId) VALUES (15, 84);
SET IDENTITY_INSERT dbo.Skills ON;
INSERT INTO dbo.Skills (Id, Name, SkillType) VALUES (85, N'Фармакогеномика', 'Hard');
SET IDENTITY_INSERT dbo.Skills OFF;
INSERT INTO dbo.Planet_Skills_Map (PlanetId, SkillId) VALUES (15, 85);
INSERT INTO dbo.Planet_Skills_Map (PlanetId, SkillId) VALUES (15, 24);
SET IDENTITY_INSERT dbo.Skills ON;
INSERT INTO dbo.Skills (Id, Name, SkillType) VALUES (86, N'Принятие решений в условиях неопределённости', 'Soft');
SET IDENTITY_INSERT dbo.Skills OFF;
INSERT INTO dbo.Planet_Skills_Map (PlanetId, SkillId) VALUES (15, 86);
SET IDENTITY_INSERT dbo.Risks ON;
INSERT INTO dbo.Risks (Id, Name) VALUES (18, N'Доступность дорогостоящих технологий');
SET IDENTITY_INSERT dbo.Risks OFF;
INSERT INTO dbo.Planet_Risks_Map (PlanetId, RiskId) VALUES (15, 18);
SET IDENTITY_INSERT dbo.Planets ON;
INSERT INTO dbo.Planets (Id, ClusterId, Title, UnlockCost, Description) VALUES (16, 2, N'Генетический консультант', 5, N'Консультирует пациентов и семьи по вопросам генетических заболеваний, интерпретирует результаты генетических тестов.');
SET IDENTITY_INSERT dbo.Planets OFF;
SET IDENTITY_INSERT dbo.Skills ON;
INSERT INTO dbo.Skills (Id, Name, SkillType) VALUES (87, N'Генетика человека', 'Hard');
SET IDENTITY_INSERT dbo.Skills OFF;
INSERT INTO dbo.Planet_Skills_Map (PlanetId, SkillId) VALUES (16, 87);
SET IDENTITY_INSERT dbo.Skills ON;
INSERT INTO dbo.Skills (Id, Name, SkillType) VALUES (88, N'Молекулярная биология', 'Hard');
SET IDENTITY_INSERT dbo.Skills OFF;
INSERT INTO dbo.Planet_Skills_Map (PlanetId, SkillId) VALUES (16, 88);
SET IDENTITY_INSERT dbo.Skills ON;
INSERT INTO dbo.Skills (Id, Name, SkillType) VALUES (89, N'Генетические тесты', 'Hard');
SET IDENTITY_INSERT dbo.Skills OFF;
INSERT INTO dbo.Planet_Skills_Map (PlanetId, SkillId) VALUES (16, 89);
INSERT INTO dbo.Planet_Skills_Map (PlanetId, SkillId) VALUES (16, 70);
INSERT INTO dbo.Planet_Skills_Map (PlanetId, SkillId) VALUES (16, 24);
SET IDENTITY_INSERT dbo.Skills ON;
INSERT INTO dbo.Skills (Id, Name, SkillType) VALUES (90, N'Коммуникация сложной информации', 'Soft');
SET IDENTITY_INSERT dbo.Skills OFF;
INSERT INTO dbo.Planet_Skills_Map (PlanetId, SkillId) VALUES (16, 90);
SET IDENTITY_INSERT dbo.Skills ON;
INSERT INTO dbo.Skills (Id, Name, SkillType) VALUES (91, N'Этика', 'Soft');
SET IDENTITY_INSERT dbo.Skills OFF;
INSERT INTO dbo.Planet_Skills_Map (PlanetId, SkillId) VALUES (16, 91);
SET IDENTITY_INSERT dbo.Risks ON;
INSERT INTO dbo.Risks (Id, Name) VALUES (19, N'Эмоциональная нагрузка');
SET IDENTITY_INSERT dbo.Risks OFF;
INSERT INTO dbo.Planet_Risks_Map (PlanetId, RiskId) VALUES (16, 19);
SET IDENTITY_INSERT dbo.Risks ON;
INSERT INTO dbo.Risks (Id, Name) VALUES (20, N'Стигматизация генетических заболеваний');
SET IDENTITY_INSERT dbo.Risks OFF;
INSERT INTO dbo.Planet_Risks_Map (PlanetId, RiskId) VALUES (16, 20);
SET IDENTITY_INSERT dbo.Planets ON;
INSERT INTO dbo.Planets (Id, ClusterId, Title, UnlockCost, Description) VALUES (17, 2, N'Геронтолог', 7, N'Исследует процессы старения и разрабатывает методы продления активного долголетия.');
SET IDENTITY_INSERT dbo.Planets OFF;
SET IDENTITY_INSERT dbo.Skills ON;
INSERT INTO dbo.Skills (Id, Name, SkillType) VALUES (92, N'Гериатрия', 'Hard');
SET IDENTITY_INSERT dbo.Skills OFF;
INSERT INTO dbo.Planet_Skills_Map (PlanetId, SkillId) VALUES (17, 92);
SET IDENTITY_INSERT dbo.Skills ON;
INSERT INTO dbo.Skills (Id, Name, SkillType) VALUES (93, N'Биохимия старения', 'Hard');
SET IDENTITY_INSERT dbo.Skills OFF;
INSERT INTO dbo.Planet_Skills_Map (PlanetId, SkillId) VALUES (17, 93);
SET IDENTITY_INSERT dbo.Skills ON;
INSERT INTO dbo.Skills (Id, Name, SkillType) VALUES (94, N'Клинические исследования', 'Hard');
SET IDENTITY_INSERT dbo.Skills OFF;
INSERT INTO dbo.Planet_Skills_Map (PlanetId, SkillId) VALUES (17, 94);
SET IDENTITY_INSERT dbo.Skills ON;
INSERT INTO dbo.Skills (Id, Name, SkillType) VALUES (95, N'Фармакология', 'Hard');
SET IDENTITY_INSERT dbo.Skills OFF;
INSERT INTO dbo.Planet_Skills_Map (PlanetId, SkillId) VALUES (17, 95);
INSERT INTO dbo.Planet_Skills_Map (PlanetId, SkillId) VALUES (17, 71);
SET IDENTITY_INSERT dbo.Skills ON;
INSERT INTO dbo.Skills (Id, Name, SkillType) VALUES (96, N'Внимание к пожилым пациентам', 'Soft');
SET IDENTITY_INSERT dbo.Skills OFF;
INSERT INTO dbo.Planet_Skills_Map (PlanetId, SkillId) VALUES (17, 96);
SET IDENTITY_INSERT dbo.Risks ON;
INSERT INTO dbo.Risks (Id, Name) VALUES (21, N'Длительные циклы исследований');
SET IDENTITY_INSERT dbo.Risks OFF;
INSERT INTO dbo.Planet_Risks_Map (PlanetId, RiskId) VALUES (17, 21);
SET IDENTITY_INSERT dbo.Planets ON;
INSERT INTO dbo.Planets (Id, ClusterId, Title, UnlockCost, Description) VALUES (18, 2, N'Молекулярный диетолог', 5, N'Составляет персонализированные диеты на основе молекулярного анализа метаболизма и генома пациента.');
SET IDENTITY_INSERT dbo.Planets OFF;
SET IDENTITY_INSERT dbo.Skills ON;
INSERT INTO dbo.Skills (Id, Name, SkillType) VALUES (97, N'Нутригеномика', 'Hard');
SET IDENTITY_INSERT dbo.Skills OFF;
INSERT INTO dbo.Planet_Skills_Map (PlanetId, SkillId) VALUES (18, 97);
SET IDENTITY_INSERT dbo.Skills ON;
INSERT INTO dbo.Skills (Id, Name, SkillType) VALUES (98, N'Биохимия', 'Hard');
SET IDENTITY_INSERT dbo.Skills OFF;
INSERT INTO dbo.Planet_Skills_Map (PlanetId, SkillId) VALUES (18, 98);
SET IDENTITY_INSERT dbo.Skills ON;
INSERT INTO dbo.Skills (Id, Name, SkillType) VALUES (99, N'Анализ данных', 'Hard');
SET IDENTITY_INSERT dbo.Skills OFF;
INSERT INTO dbo.Planet_Skills_Map (PlanetId, SkillId) VALUES (18, 99);
SET IDENTITY_INSERT dbo.Skills ON;
INSERT INTO dbo.Skills (Id, Name, SkillType) VALUES (100, N'Диетология', 'Hard');
SET IDENTITY_INSERT dbo.Skills OFF;
INSERT INTO dbo.Planet_Skills_Map (PlanetId, SkillId) VALUES (18, 100);
SET IDENTITY_INSERT dbo.Skills ON;
INSERT INTO dbo.Skills (Id, Name, SkillType) VALUES (101, N'Индивидуальный подход', 'Soft');
SET IDENTITY_INSERT dbo.Skills OFF;
INSERT INTO dbo.Planet_Skills_Map (PlanetId, SkillId) VALUES (18, 101);
INSERT INTO dbo.Planet_Skills_Map (PlanetId, SkillId) VALUES (18, 32);
SET IDENTITY_INSERT dbo.Risks ON;
INSERT INTO dbo.Risks (Id, Name) VALUES (22, N'Недостаток доказательной базы в некоторых областях');
SET IDENTITY_INSERT dbo.Risks OFF;
INSERT INTO dbo.Planet_Risks_Map (PlanetId, RiskId) VALUES (18, 22);
SET IDENTITY_INSERT dbo.Planets ON;
INSERT INTO dbo.Planets (Id, ClusterId, Title, UnlockCost, Description) VALUES (19, 2, N'Неонатолог', 6, N'Специализируется на лечении и выхаживании новорождённых, особенно недоношенных и с патологиями.');
SET IDENTITY_INSERT dbo.Planets OFF;
SET IDENTITY_INSERT dbo.Skills ON;
INSERT INTO dbo.Skills (Id, Name, SkillType) VALUES (102, N'Неонатология', 'Hard');
SET IDENTITY_INSERT dbo.Skills OFF;
INSERT INTO dbo.Planet_Skills_Map (PlanetId, SkillId) VALUES (19, 102);
SET IDENTITY_INSERT dbo.Skills ON;
INSERT INTO dbo.Skills (Id, Name, SkillType) VALUES (103, N'Реанимация новорождённых', 'Hard');
SET IDENTITY_INSERT dbo.Skills OFF;
INSERT INTO dbo.Planet_Skills_Map (PlanetId, SkillId) VALUES (19, 103);
SET IDENTITY_INSERT dbo.Skills ON;
INSERT INTO dbo.Skills (Id, Name, SkillType) VALUES (104, N'УЗИ-диагностика', 'Hard');
SET IDENTITY_INSERT dbo.Skills OFF;
INSERT INTO dbo.Planet_Skills_Map (PlanetId, SkillId) VALUES (19, 104);
SET IDENTITY_INSERT dbo.Skills ON;
INSERT INTO dbo.Skills (Id, Name, SkillType) VALUES (105, N'Фармакотерапия', 'Hard');
SET IDENTITY_INSERT dbo.Skills OFF;
INSERT INTO dbo.Planet_Skills_Map (PlanetId, SkillId) VALUES (19, 105);
SET IDENTITY_INSERT dbo.Skills ON;
INSERT INTO dbo.Skills (Id, Name, SkillType) VALUES (106, N'Стрессоустойчивость', 'Soft');
SET IDENTITY_INSERT dbo.Skills OFF;
INSERT INTO dbo.Planet_Skills_Map (PlanetId, SkillId) VALUES (19, 106);
SET IDENTITY_INSERT dbo.Skills ON;
INSERT INTO dbo.Skills (Id, Name, SkillType) VALUES (107, N'Эмпатия к семьям', 'Soft');
SET IDENTITY_INSERT dbo.Skills OFF;
INSERT INTO dbo.Planet_Skills_Map (PlanetId, SkillId) VALUES (19, 107);
SET IDENTITY_INSERT dbo.Risks ON;
INSERT INTO dbo.Risks (Id, Name) VALUES (23, N'Высокая эмоциональная нагрузка');
SET IDENTITY_INSERT dbo.Risks OFF;
INSERT INTO dbo.Planet_Risks_Map (PlanetId, RiskId) VALUES (19, 23);
SET IDENTITY_INSERT dbo.Planets ON;
INSERT INTO dbo.Planets (Id, ClusterId, Title, UnlockCost, Description) VALUES (20, 2, N'Оператор медицинских роботов', 8, N'Управляет роботизированными хирургическими и диагностическими системами в операционных и клиниках.');
SET IDENTITY_INSERT dbo.Planets OFF;
SET IDENTITY_INSERT dbo.Skills ON;
INSERT INTO dbo.Skills (Id, Name, SkillType) VALUES (108, N'Робототехника', 'Hard');
SET IDENTITY_INSERT dbo.Skills OFF;
INSERT INTO dbo.Planet_Skills_Map (PlanetId, SkillId) VALUES (20, 108);
SET IDENTITY_INSERT dbo.Skills ON;
INSERT INTO dbo.Skills (Id, Name, SkillType) VALUES (109, N'Хирургия', 'Hard');
SET IDENTITY_INSERT dbo.Skills OFF;
INSERT INTO dbo.Planet_Skills_Map (PlanetId, SkillId) VALUES (20, 109);
SET IDENTITY_INSERT dbo.Skills ON;
INSERT INTO dbo.Skills (Id, Name, SkillType) VALUES (110, N'3D-навигация', 'Hard');
SET IDENTITY_INSERT dbo.Skills OFF;
INSERT INTO dbo.Planet_Skills_Map (PlanetId, SkillId) VALUES (20, 110);
SET IDENTITY_INSERT dbo.Skills ON;
INSERT INTO dbo.Skills (Id, Name, SkillType) VALUES (111, N'Программирование роботов', 'Hard');
SET IDENTITY_INSERT dbo.Skills OFF;
INSERT INTO dbo.Planet_Skills_Map (PlanetId, SkillId) VALUES (20, 111);
SET IDENTITY_INSERT dbo.Skills ON;
INSERT INTO dbo.Skills (Id, Name, SkillType) VALUES (112, N'Хладнокровие', 'Soft');
SET IDENTITY_INSERT dbo.Skills OFF;
INSERT INTO dbo.Planet_Skills_Map (PlanetId, SkillId) VALUES (20, 112);
SET IDENTITY_INSERT dbo.Skills ON;
INSERT INTO dbo.Skills (Id, Name, SkillType) VALUES (113, N'Точность', 'Soft');
SET IDENTITY_INSERT dbo.Skills OFF;
INSERT INTO dbo.Planet_Skills_Map (PlanetId, SkillId) VALUES (20, 113);
SET IDENTITY_INSERT dbo.Skills ON;
INSERT INTO dbo.Skills (Id, Name, SkillType) VALUES (114, N'Командная работа', 'Soft');
SET IDENTITY_INSERT dbo.Skills OFF;
INSERT INTO dbo.Planet_Skills_Map (PlanetId, SkillId) VALUES (20, 114);
SET IDENTITY_INSERT dbo.Risks ON;
INSERT INTO dbo.Risks (Id, Name) VALUES (24, N'Технические сбои в критический момент');
SET IDENTITY_INSERT dbo.Risks OFF;
INSERT INTO dbo.Planet_Risks_Map (PlanetId, RiskId) VALUES (20, 24);
SET IDENTITY_INSERT dbo.Planets ON;
INSERT INTO dbo.Planets (Id, ClusterId, Title, UnlockCost, Description) VALUES (21, 2, N'Тканевый инженер', 9, N'Создаёт биоискусственные ткани и органы для трансплантологии и регенеративной медицины.');
SET IDENTITY_INSERT dbo.Planets OFF;
SET IDENTITY_INSERT dbo.Skills ON;
INSERT INTO dbo.Skills (Id, Name, SkillType) VALUES (115, N'Клеточная биология', 'Hard');
SET IDENTITY_INSERT dbo.Skills OFF;
INSERT INTO dbo.Planet_Skills_Map (PlanetId, SkillId) VALUES (21, 115);
SET IDENTITY_INSERT dbo.Skills ON;
INSERT INTO dbo.Skills (Id, Name, SkillType) VALUES (116, N'3D-биопечать', 'Hard');
SET IDENTITY_INSERT dbo.Skills OFF;
INSERT INTO dbo.Planet_Skills_Map (PlanetId, SkillId) VALUES (21, 116);
SET IDENTITY_INSERT dbo.Skills ON;
INSERT INTO dbo.Skills (Id, Name, SkillType) VALUES (117, N'Биоматериалы', 'Hard');
SET IDENTITY_INSERT dbo.Skills OFF;
INSERT INTO dbo.Planet_Skills_Map (PlanetId, SkillId) VALUES (21, 117);
SET IDENTITY_INSERT dbo.Skills ON;
INSERT INTO dbo.Skills (Id, Name, SkillType) VALUES (118, N'Регенеративная медицина', 'Hard');
SET IDENTITY_INSERT dbo.Skills OFF;
INSERT INTO dbo.Planet_Skills_Map (PlanetId, SkillId) VALUES (21, 118);
SET IDENTITY_INSERT dbo.Skills ON;
INSERT INTO dbo.Skills (Id, Name, SkillType) VALUES (119, N'Внимание к деталям', 'Soft');
SET IDENTITY_INSERT dbo.Skills OFF;
INSERT INTO dbo.Planet_Skills_Map (PlanetId, SkillId) VALUES (21, 119);
SET IDENTITY_INSERT dbo.Skills ON;
INSERT INTO dbo.Skills (Id, Name, SkillType) VALUES (120, N'Работа в лаборатории', 'Soft');
SET IDENTITY_INSERT dbo.Skills OFF;
INSERT INTO dbo.Planet_Skills_Map (PlanetId, SkillId) VALUES (21, 120);
INSERT INTO dbo.Planet_Skills_Map (PlanetId, SkillId) VALUES (21, 91);
SET IDENTITY_INSERT dbo.Risks ON;
INSERT INTO dbo.Risks (Id, Name) VALUES (25, N'Строгие регуляторные требования');
SET IDENTITY_INSERT dbo.Risks OFF;
INSERT INTO dbo.Planet_Risks_Map (PlanetId, RiskId) VALUES (21, 25);
SET IDENTITY_INSERT dbo.Risks ON;
INSERT INTO dbo.Risks (Id, Name) VALUES (26, N'Долгий путь к применению');
SET IDENTITY_INSERT dbo.Risks OFF;
INSERT INTO dbo.Planet_Risks_Map (PlanetId, RiskId) VALUES (21, 26);
SET IDENTITY_INSERT dbo.Planets ON;
INSERT INTO dbo.Planets (Id, ClusterId, Title, UnlockCost, Description) VALUES (22, 2, N'Биоинформатик', 6, N'Анализирует биологические данные (геномы, протеомы) с помощью вычислительных методов для медицинских исследований.');
SET IDENTITY_INSERT dbo.Planets OFF;
INSERT INTO dbo.Planet_Skills_Map (PlanetId, SkillId) VALUES (22, 9);
INSERT INTO dbo.Planet_Skills_Map (PlanetId, SkillId) VALUES (22, 82);
SET IDENTITY_INSERT dbo.Skills ON;
INSERT INTO dbo.Skills (Id, Name, SkillType) VALUES (121, N'Алгоритмы выравнивания', 'Hard');
SET IDENTITY_INSERT dbo.Skills OFF;
INSERT INTO dbo.Planet_Skills_Map (PlanetId, SkillId) VALUES (22, 121);
SET IDENTITY_INSERT dbo.Skills ON;
INSERT INTO dbo.Skills (Id, Name, SkillType) VALUES (122, N'Базы данных биоданных', 'Hard');
SET IDENTITY_INSERT dbo.Skills OFF;
INSERT INTO dbo.Planet_Skills_Map (PlanetId, SkillId) VALUES (22, 122);
INSERT INTO dbo.Planet_Skills_Map (PlanetId, SkillId) VALUES (22, 12);
INSERT INTO dbo.Planet_Skills_Map (PlanetId, SkillId) VALUES (22, 55);
SET IDENTITY_INSERT dbo.Risks ON;
INSERT INTO dbo.Risks (Id, Name) VALUES (27, N'Нехватка стандартизированных данных');
SET IDENTITY_INSERT dbo.Risks OFF;
INSERT INTO dbo.Planet_Risks_Map (PlanetId, RiskId) VALUES (22, 27);
SET IDENTITY_INSERT dbo.Planets ON;
INSERT INTO dbo.Planets (Id, ClusterId, Title, UnlockCost, Description) VALUES (23, 2, N'ИТ-генетик', 7, N'Совмещает биоинформатику и программирование для анализа геномных данных и разработки персонализированных методов лечения.');
SET IDENTITY_INSERT dbo.Planets OFF;
INSERT INTO dbo.Planet_Skills_Map (PlanetId, SkillId) VALUES (23, 84);
INSERT INTO dbo.Planet_Skills_Map (PlanetId, SkillId) VALUES (23, 9);
SET IDENTITY_INSERT dbo.Skills ON;
INSERT INTO dbo.Skills (Id, Name, SkillType) VALUES (123, N'CRISPR-аналитика', 'Hard');
SET IDENTITY_INSERT dbo.Skills OFF;
INSERT INTO dbo.Planet_Skills_Map (PlanetId, SkillId) VALUES (23, 123);
INSERT INTO dbo.Planet_Skills_Map (PlanetId, SkillId) VALUES (23, 82);
SET IDENTITY_INSERT dbo.Skills ON;
INSERT INTO dbo.Skills (Id, Name, SkillType) VALUES (124, N'Этическое мышление', 'Soft');
SET IDENTITY_INSERT dbo.Skills OFF;
INSERT INTO dbo.Planet_Skills_Map (PlanetId, SkillId) VALUES (23, 124);
SET IDENTITY_INSERT dbo.Skills ON;
INSERT INTO dbo.Skills (Id, Name, SkillType) VALUES (125, N'Межпрофессиональное взаимодействие', 'Soft');
SET IDENTITY_INSERT dbo.Skills OFF;
INSERT INTO dbo.Planet_Skills_Map (PlanetId, SkillId) VALUES (23, 125);
SET IDENTITY_INSERT dbo.Risks ON;
INSERT INTO dbo.Risks (Id, Name) VALUES (28, N'Строгое регулирование отрасли');
SET IDENTITY_INSERT dbo.Risks OFF;
INSERT INTO dbo.Planet_Risks_Map (PlanetId, RiskId) VALUES (23, 28);
SET IDENTITY_INSERT dbo.Risks ON;
INSERT INTO dbo.Risks (Id, Name) VALUES (29, N'Длинный цикл исследований');
SET IDENTITY_INSERT dbo.Risks OFF;
INSERT INTO dbo.Planet_Risks_Map (PlanetId, RiskId) VALUES (23, 29);
SET IDENTITY_INSERT dbo.Planets ON;
INSERT INTO dbo.Planets (Id, ClusterId, Title, UnlockCost, Description) VALUES (24, 2, N'Клинический биоинформатик', 8, N'Применяет биоинформатику непосредственно в клинической практике — интерпретация генетических тестов для врачей и пациентов.');
SET IDENTITY_INSERT dbo.Planets OFF;
SET IDENTITY_INSERT dbo.Skills ON;
INSERT INTO dbo.Skills (Id, Name, SkillType) VALUES (126, N'Клиническая генетика', 'Hard');
SET IDENTITY_INSERT dbo.Skills OFF;
INSERT INTO dbo.Planet_Skills_Map (PlanetId, SkillId) VALUES (24, 126);
SET IDENTITY_INSERT dbo.Skills ON;
INSERT INTO dbo.Skills (Id, Name, SkillType) VALUES (127, N'NGS-анализ', 'Hard');
SET IDENTITY_INSERT dbo.Skills OFF;
INSERT INTO dbo.Planet_Skills_Map (PlanetId, SkillId) VALUES (24, 127);
SET IDENTITY_INSERT dbo.Skills ON;
INSERT INTO dbo.Skills (Id, Name, SkillType) VALUES (128, N'Базы патогенных вариантов', 'Hard');
SET IDENTITY_INSERT dbo.Skills OFF;
INSERT INTO dbo.Planet_Skills_Map (PlanetId, SkillId) VALUES (24, 128);
INSERT INTO dbo.Planet_Skills_Map (PlanetId, SkillId) VALUES (24, 36);
SET IDENTITY_INSERT dbo.Skills ON;
INSERT INTO dbo.Skills (Id, Name, SkillType) VALUES (129, N'Коммуникация с врачами', 'Soft');
SET IDENTITY_INSERT dbo.Skills OFF;
INSERT INTO dbo.Planet_Skills_Map (PlanetId, SkillId) VALUES (24, 129);
SET IDENTITY_INSERT dbo.Skills ON;
INSERT INTO dbo.Skills (Id, Name, SkillType) VALUES (130, N'Ответственность за диагноз', 'Soft');
SET IDENTITY_INSERT dbo.Skills OFF;
INSERT INTO dbo.Planet_Skills_Map (PlanetId, SkillId) VALUES (24, 130);
SET IDENTITY_INSERT dbo.Risks ON;
INSERT INTO dbo.Risks (Id, Name) VALUES (30, N'Ошибки интерпретации могут повлиять на лечение');
SET IDENTITY_INSERT dbo.Risks OFF;
INSERT INTO dbo.Planet_Risks_Map (PlanetId, RiskId) VALUES (24, 30);
SET IDENTITY_INSERT dbo.Planets ON;
INSERT INTO dbo.Planets (Id, ClusterId, Title, UnlockCost, Description) VALUES (25, 2, N'Нейроинформатик', 7, N'Обрабатывает и интерпретирует данные нейровизуализации (fMRI, ЭЭГ) для понимания работы мозга.');
SET IDENTITY_INSERT dbo.Planets OFF;
SET IDENTITY_INSERT dbo.Skills ON;
INSERT INTO dbo.Skills (Id, Name, SkillType) VALUES (131, N'Python/MATLAB', 'Hard');
SET IDENTITY_INSERT dbo.Skills OFF;
INSERT INTO dbo.Planet_Skills_Map (PlanetId, SkillId) VALUES (25, 131);
SET IDENTITY_INSERT dbo.Skills ON;
INSERT INTO dbo.Skills (Id, Name, SkillType) VALUES (132, N'Нейровизуализация', 'Hard');
SET IDENTITY_INSERT dbo.Skills OFF;
INSERT INTO dbo.Planet_Skills_Map (PlanetId, SkillId) VALUES (25, 132);
INSERT INTO dbo.Planet_Skills_Map (PlanetId, SkillId) VALUES (25, 70);
SET IDENTITY_INSERT dbo.Skills ON;
INSERT INTO dbo.Skills (Id, Name, SkillType) VALUES (133, N'ML', 'Hard');
SET IDENTITY_INSERT dbo.Skills OFF;
INSERT INTO dbo.Planet_Skills_Map (PlanetId, SkillId) VALUES (25, 133);
SET IDENTITY_INSERT dbo.Skills ON;
INSERT INTO dbo.Skills (Id, Name, SkillType) VALUES (134, N'Терпеливость', 'Soft');
SET IDENTITY_INSERT dbo.Skills OFF;
INSERT INTO dbo.Planet_Skills_Map (PlanetId, SkillId) VALUES (25, 134);
INSERT INTO dbo.Planet_Skills_Map (PlanetId, SkillId) VALUES (25, 12);
SET IDENTITY_INSERT dbo.Risks ON;
INSERT INTO dbo.Risks (Id, Name) VALUES (31, N'Узкая специализация');
SET IDENTITY_INSERT dbo.Risks OFF;
INSERT INTO dbo.Planet_Risks_Map (PlanetId, RiskId) VALUES (25, 31);
SET IDENTITY_INSERT dbo.Risks ON;
INSERT INTO dbo.Risks (Id, Name) VALUES (32, N'Зависимость от грантового финансирования');
SET IDENTITY_INSERT dbo.Risks OFF;
INSERT INTO dbo.Planet_Risks_Map (PlanetId, RiskId) VALUES (25, 32);
SET IDENTITY_INSERT dbo.Planets ON;
INSERT INTO dbo.Planets (Id, ClusterId, Title, UnlockCost, Description) VALUES (26, 2, N'Специалист по нейромоделированию', 9, N'Создаёт компьютерные модели нейронных сетей мозга для исследования когнитивных функций и заболеваний.');
SET IDENTITY_INSERT dbo.Planets OFF;
SET IDENTITY_INSERT dbo.Skills ON;
INSERT INTO dbo.Skills (Id, Name, SkillType) VALUES (135, N'NEURON/NEST', 'Hard');
SET IDENTITY_INSERT dbo.Skills OFF;
INSERT INTO dbo.Planet_Skills_Map (PlanetId, SkillId) VALUES (26, 135);
INSERT INTO dbo.Planet_Skills_Map (PlanetId, SkillId) VALUES (26, 36);
SET IDENTITY_INSERT dbo.Skills ON;
INSERT INTO dbo.Skills (Id, Name, SkillType) VALUES (136, N'Вычислительная нейронаука', 'Hard');
SET IDENTITY_INSERT dbo.Skills OFF;
INSERT INTO dbo.Planet_Skills_Map (PlanetId, SkillId) VALUES (26, 136);
SET IDENTITY_INSERT dbo.Skills ON;
INSERT INTO dbo.Skills (Id, Name, SkillType) VALUES (137, N'Дифференциальные уравнения', 'Hard');
SET IDENTITY_INSERT dbo.Skills OFF;
INSERT INTO dbo.Planet_Skills_Map (PlanetId, SkillId) VALUES (26, 137);
SET IDENTITY_INSERT dbo.Skills ON;
INSERT INTO dbo.Skills (Id, Name, SkillType) VALUES (138, N'Научная дотошность', 'Soft');
SET IDENTITY_INSERT dbo.Skills OFF;
INSERT INTO dbo.Planet_Skills_Map (PlanetId, SkillId) VALUES (26, 138);
SET IDENTITY_INSERT dbo.Skills ON;
INSERT INTO dbo.Skills (Id, Name, SkillType) VALUES (139, N'Визуализация сложных данных', 'Soft');
SET IDENTITY_INSERT dbo.Skills OFF;
INSERT INTO dbo.Planet_Skills_Map (PlanetId, SkillId) VALUES (26, 139);
SET IDENTITY_INSERT dbo.Risks ON;
INSERT INTO dbo.Risks (Id, Name) VALUES (33, N'Разрыв между моделями и реальной биологией');
SET IDENTITY_INSERT dbo.Risks OFF;
INSERT INTO dbo.Planet_Risks_Map (PlanetId, RiskId) VALUES (26, 33);
SET IDENTITY_INSERT dbo.Planets ON;
INSERT INTO dbo.Planets (Id, ClusterId, Title, UnlockCost, Description) VALUES (27, 3, N'ГМО-агроном', 4, N'Разрабатывает и внедряет генетически модифицированные культуры для устойчивого сельского хозяйства.');
SET IDENTITY_INSERT dbo.Planets OFF;
SET IDENTITY_INSERT dbo.Skills ON;
INSERT INTO dbo.Skills (Id, Name, SkillType) VALUES (140, N'Генетика растений', 'Hard');
SET IDENTITY_INSERT dbo.Skills OFF;
INSERT INTO dbo.Planet_Skills_Map (PlanetId, SkillId) VALUES (27, 140);
SET IDENTITY_INSERT dbo.Skills ON;
INSERT INTO dbo.Skills (Id, Name, SkillType) VALUES (141, N'CRISPR', 'Hard');
SET IDENTITY_INSERT dbo.Skills OFF;
INSERT INTO dbo.Planet_Skills_Map (PlanetId, SkillId) VALUES (27, 141);
SET IDENTITY_INSERT dbo.Skills ON;
INSERT INTO dbo.Skills (Id, Name, SkillType) VALUES (142, N'Агрономия', 'Hard');
SET IDENTITY_INSERT dbo.Skills OFF;
INSERT INTO dbo.Planet_Skills_Map (PlanetId, SkillId) VALUES (27, 142);
SET IDENTITY_INSERT dbo.Skills ON;
INSERT INTO dbo.Skills (Id, Name, SkillType) VALUES (143, N'Экология', 'Hard');
SET IDENTITY_INSERT dbo.Skills OFF;
INSERT INTO dbo.Planet_Skills_Map (PlanetId, SkillId) VALUES (27, 143);
INSERT INTO dbo.Planet_Skills_Map (PlanetId, SkillId) VALUES (27, 5);
SET IDENTITY_INSERT dbo.Skills ON;
INSERT INTO dbo.Skills (Id, Name, SkillType) VALUES (144, N'Работа с данными полевых экспериментов', 'Soft');
SET IDENTITY_INSERT dbo.Skills OFF;
INSERT INTO dbo.Planet_Skills_Map (PlanetId, SkillId) VALUES (27, 144);
SET IDENTITY_INSERT dbo.Risks ON;
INSERT INTO dbo.Risks (Id, Name) VALUES (34, N'Общественное недоверие');
SET IDENTITY_INSERT dbo.Risks OFF;
INSERT INTO dbo.Planet_Risks_Map (PlanetId, RiskId) VALUES (27, 34);
SET IDENTITY_INSERT dbo.Risks ON;
INSERT INTO dbo.Risks (Id, Name) VALUES (35, N'Правовые ограничения в ряде стран');
SET IDENTITY_INSERT dbo.Risks OFF;
INSERT INTO dbo.Planet_Risks_Map (PlanetId, RiskId) VALUES (27, 35);
SET IDENTITY_INSERT dbo.Planets ON;
INSERT INTO dbo.Planets (Id, ClusterId, Title, UnlockCost, Description) VALUES (28, 3, N'Экологическая безопасность недропользования', 5, N'Обеспечивает экологическую безопасность при добыче полезных ископаемых, минимизирует ущерб окружающей среде.');
SET IDENTITY_INSERT dbo.Planets OFF;
INSERT INTO dbo.Planet_Skills_Map (PlanetId, SkillId) VALUES (28, 143);
SET IDENTITY_INSERT dbo.Skills ON;
INSERT INTO dbo.Skills (Id, Name, SkillType) VALUES (145, N'Геология', 'Hard');
SET IDENTITY_INSERT dbo.Skills OFF;
INSERT INTO dbo.Planet_Skills_Map (PlanetId, SkillId) VALUES (28, 145);
SET IDENTITY_INSERT dbo.Skills ON;
INSERT INTO dbo.Skills (Id, Name, SkillType) VALUES (146, N'Мониторинг среды', 'Hard');
SET IDENTITY_INSERT dbo.Skills OFF;
INSERT INTO dbo.Planet_Skills_Map (PlanetId, SkillId) VALUES (28, 146);
SET IDENTITY_INSERT dbo.Skills ON;
INSERT INTO dbo.Skills (Id, Name, SkillType) VALUES (147, N'Законодательство в сфере недр', 'Hard');
SET IDENTITY_INSERT dbo.Skills OFF;
INSERT INTO dbo.Planet_Skills_Map (PlanetId, SkillId) VALUES (28, 147);
INSERT INTO dbo.Planet_Skills_Map (PlanetId, SkillId) VALUES (28, 65);
SET IDENTITY_INSERT dbo.Skills ON;
INSERT INTO dbo.Skills (Id, Name, SkillType) VALUES (148, N'Работа в полевых условиях', 'Soft');
SET IDENTITY_INSERT dbo.Skills OFF;
INSERT INTO dbo.Planet_Skills_Map (PlanetId, SkillId) VALUES (28, 148);
SET IDENTITY_INSERT dbo.Risks ON;
INSERT INTO dbo.Risks (Id, Name) VALUES (36, N'Конфликт экономических и экологических интересов');
SET IDENTITY_INSERT dbo.Risks OFF;
INSERT INTO dbo.Planet_Risks_Map (PlanetId, RiskId) VALUES (28, 36);
SET IDENTITY_INSERT dbo.Planets ON;
INSERT INTO dbo.Planets (Id, ClusterId, Title, UnlockCost, Description) VALUES (29, 3, N'Кибертехник умных сред', 6, N'Настраивает и обслуживает интеллектуальные системы зданий и городских сред: IoT-датчики, автоматизация, энергосбережение.');
SET IDENTITY_INSERT dbo.Planets OFF;
SET IDENTITY_INSERT dbo.Skills ON;
INSERT INTO dbo.Skills (Id, Name, SkillType) VALUES (149, N'IoT-системы', 'Hard');
SET IDENTITY_INSERT dbo.Skills OFF;
INSERT INTO dbo.Planet_Skills_Map (PlanetId, SkillId) VALUES (29, 149);
SET IDENTITY_INSERT dbo.Skills ON;
INSERT INTO dbo.Skills (Id, Name, SkillType) VALUES (150, N'Автоматизация зданий', 'Hard');
SET IDENTITY_INSERT dbo.Skills OFF;
INSERT INTO dbo.Planet_Skills_Map (PlanetId, SkillId) VALUES (29, 150);
INSERT INTO dbo.Planet_Skills_Map (PlanetId, SkillId) VALUES (29, 29);
SET IDENTITY_INSERT dbo.Skills ON;
INSERT INTO dbo.Skills (Id, Name, SkillType) VALUES (151, N'Энергоменеджмент', 'Hard');
SET IDENTITY_INSERT dbo.Skills OFF;
INSERT INTO dbo.Planet_Skills_Map (PlanetId, SkillId) VALUES (29, 151);
SET IDENTITY_INSERT dbo.Skills ON;
INSERT INTO dbo.Skills (Id, Name, SkillType) VALUES (152, N'Технический кругозор', 'Soft');
SET IDENTITY_INSERT dbo.Skills OFF;
INSERT INTO dbo.Planet_Skills_Map (PlanetId, SkillId) VALUES (29, 152);
SET IDENTITY_INSERT dbo.Skills ON;
INSERT INTO dbo.Skills (Id, Name, SkillType) VALUES (153, N'Работа в команде', 'Soft');
SET IDENTITY_INSERT dbo.Skills OFF;
INSERT INTO dbo.Planet_Skills_Map (PlanetId, SkillId) VALUES (29, 153);
SET IDENTITY_INSERT dbo.Risks ON;
INSERT INTO dbo.Risks (Id, Name) VALUES (37, N'Зависимость от производителей оборудования');
SET IDENTITY_INSERT dbo.Risks OFF;
INSERT INTO dbo.Planet_Risks_Map (PlanetId, RiskId) VALUES (29, 37);
SET IDENTITY_INSERT dbo.Planets ON;
INSERT INTO dbo.Planets (Id, ClusterId, Title, UnlockCost, Description) VALUES (30, 3, N'Специалист по киберфизическим системам', 7, N'Проектирует системы, объединяющие вычислительные и физические компоненты — от «умных» фабрик до автопилотов.');
SET IDENTITY_INSERT dbo.Planets OFF;
INSERT INTO dbo.Planet_Skills_Map (PlanetId, SkillId) VALUES (30, 108);
SET IDENTITY_INSERT dbo.Skills ON;
INSERT INTO dbo.Skills (Id, Name, SkillType) VALUES (154, N'Системы реального времени', 'Hard');
SET IDENTITY_INSERT dbo.Skills OFF;
INSERT INTO dbo.Planet_Skills_Map (PlanetId, SkillId) VALUES (30, 154);
SET IDENTITY_INSERT dbo.Skills ON;
INSERT INTO dbo.Skills (Id, Name, SkillType) VALUES (155, N'Моделирование', 'Hard');
SET IDENTITY_INSERT dbo.Skills OFF;
INSERT INTO dbo.Planet_Skills_Map (PlanetId, SkillId) VALUES (30, 155);
SET IDENTITY_INSERT dbo.Skills ON;
INSERT INTO dbo.Skills (Id, Name, SkillType) VALUES (156, N'C/C++', 'Hard');
SET IDENTITY_INSERT dbo.Skills OFF;
INSERT INTO dbo.Planet_Skills_Map (PlanetId, SkillId) VALUES (30, 156);
SET IDENTITY_INSERT dbo.Skills ON;
INSERT INTO dbo.Skills (Id, Name, SkillType) VALUES (157, N'Инженерное мышление', 'Soft');
SET IDENTITY_INSERT dbo.Skills OFF;
INSERT INTO dbo.Planet_Skills_Map (PlanetId, SkillId) VALUES (30, 157);
INSERT INTO dbo.Planet_Skills_Map (PlanetId, SkillId) VALUES (30, 55);
SET IDENTITY_INSERT dbo.Risks ON;
INSERT INTO dbo.Risks (Id, Name) VALUES (38, N'Безопасность критических систем');
SET IDENTITY_INSERT dbo.Risks OFF;
INSERT INTO dbo.Planet_Risks_Map (PlanetId, RiskId) VALUES (30, 38);
SET IDENTITY_INSERT dbo.Planets ON;
INSERT INTO dbo.Planets (Id, ClusterId, Title, UnlockCost, Description) VALUES (31, 3, N'Специалист по виртуальному прототипированию', 8, N'Создаёт цифровые двойники физических объектов для тестирования и оптимизации без затрат на реальные прототипы.');
SET IDENTITY_INSERT dbo.Planets OFF;
SET IDENTITY_INSERT dbo.Skills ON;
INSERT INTO dbo.Skills (Id, Name, SkillType) VALUES (158, N'CAD/CAE', 'Hard');
SET IDENTITY_INSERT dbo.Skills OFF;
INSERT INTO dbo.Planet_Skills_Map (PlanetId, SkillId) VALUES (31, 158);
SET IDENTITY_INSERT dbo.Skills ON;
INSERT INTO dbo.Skills (Id, Name, SkillType) VALUES (159, N'Симуляция (ANSYS', 'Hard');
SET IDENTITY_INSERT dbo.Skills OFF;
INSERT INTO dbo.Planet_Skills_Map (PlanetId, SkillId) VALUES (31, 159);
SET IDENTITY_INSERT dbo.Skills ON;
INSERT INTO dbo.Skills (Id, Name, SkillType) VALUES (160, N'COMSOL)', 'Hard');
SET IDENTITY_INSERT dbo.Skills OFF;
INSERT INTO dbo.Planet_Skills_Map (PlanetId, SkillId) VALUES (31, 160);
SET IDENTITY_INSERT dbo.Skills ON;
INSERT INTO dbo.Skills (Id, Name, SkillType) VALUES (161, N'3D-моделирование', 'Hard');
SET IDENTITY_INSERT dbo.Skills OFF;
INSERT INTO dbo.Planet_Skills_Map (PlanetId, SkillId) VALUES (31, 161);
INSERT INTO dbo.Planet_Skills_Map (PlanetId, SkillId) VALUES (31, 36);
SET IDENTITY_INSERT dbo.Skills ON;
INSERT INTO dbo.Skills (Id, Name, SkillType) VALUES (162, N'Пространственное мышление', 'Soft');
SET IDENTITY_INSERT dbo.Skills OFF;
INSERT INTO dbo.Planet_Skills_Map (PlanetId, SkillId) VALUES (31, 162);
INSERT INTO dbo.Planet_Skills_Map (PlanetId, SkillId) VALUES (31, 113);
SET IDENTITY_INSERT dbo.Risks ON;
INSERT INTO dbo.Risks (Id, Name) VALUES (39, N'Разрыв между моделью и реальным поведением');
SET IDENTITY_INSERT dbo.Risks OFF;
INSERT INTO dbo.Planet_Risks_Map (PlanetId, RiskId) VALUES (31, 39);
GO
