-- ==============================================================================
-- SEED DATA: Галактика Призвания (Stellar Vocation)
-- Наполнение справочников: кластеры, планеты, навыки, риски, ВУЗ-данные
-- ==============================================================================

-- ==============================================================================
-- 1. КЛАСТЕРЫ (Образовательные направления / Астероидные пояса)
-- ==============================================================================

SET IDENTITY_INSERT Clusters ON;

INSERT INTO Clusters (Id, Name, Description) VALUES
(1, 'technology',   N'Информационные технологии — разработка ПО, ИИ, кибербезопасность'),
(2, 'medicine',     N'Медицина и здравоохранение — врачи, фармацевты, биоинженеры'),
(3, 'biotech',      N'Биотехнологии — генная инженерия, экосистемы, агротех'),
(4, 'ecology',      N'Экология и природопользование — защита окружающей среды'),
(5, 'design',       N'Дизайн и креатив — UX/UI, промдизайн, цифровое искусство'),
(6, 'neuroscience', N'Нейронауки — нейробиология, когнитивистика, нейроинтерфейсы'),
(7, 'physics',      N'Физика и инженерия — квантовые технологии, энергетика'),
(8, 'mathematics',  N'Математика и анализ данных — Data Science, криптография');

SET IDENTITY_INSERT Clusters OFF;
GO

-- ==============================================================================
-- 2. НАВЫКИ (Hard + Soft)
-- ==============================================================================

SET IDENTITY_INSERT Skills ON;

-- Hard skills
INSERT INTO Skills (Id, Name, SkillType) VALUES
(1,  N'Python / JavaScript',        'Hard'),
(2,  N'Машинное обучение (ML)',     'Hard'),
(3,  N'Базы данных (SQL / NoSQL)',  'Hard'),
(4,  N'DevOps / CI/CD',            'Hard'),
(5,  N'Анатомия и физиология',     'Hard'),
(6,  N'Фармакология',              'Hard'),
(7,  N'Генетический анализ',       'Hard'),
(8,  N'ГИС-технологии',            'Hard'),
(9,  N'Figma / Adobe Suite',        'Hard'),
(10, N'3D-моделирование',          'Hard'),
(11, N'Нейровизуализация (fMRI)',   'Hard'),
(12, N'Квантовая механика',         'Hard'),
(13, N'Статистический анализ',      'Hard'),
(14, N'Кибербезопасность',         'Hard'),
(15, N'Молекулярная биология',     'Hard'),
(16, N'Экологический мониторинг',  'Hard'),
(17, N'UX-исследования',           'Hard'),
(18, N'Нейроинтерфейсы (BCI)',     'Hard'),
(19, N'Математическое моделирование','Hard'),
(20, N'Квантовые вычисления',      'Hard');

-- Soft skills
INSERT INTO Skills (Id, Name, SkillType) VALUES
(101, N'Командная работа',          'Soft'),
(102, N'Критическое мышление',     'Soft'),
(103, N'Эмпатия',                  'Soft'),
(104, N'Креативность',             'Soft'),
(105, N'Коммуникация',             'Soft'),
(106, N'Лидерство',                'Soft'),
(107, N'Адаптивность',             'Soft'),
(108, N'Системное мышление',       'Soft'),
(109, N'Эмоциональный интеллект',  'Soft'),
(110, N'Презентация идей',         'Soft');

SET IDENTITY_INSERT Skills OFF;
GO

-- ==============================================================================
-- 3. РИСКИ
-- ==============================================================================

SET IDENTITY_INSERT Risks ON;

INSERT INTO Risks (Id, Name, Description) VALUES
(1, N'Автоматизация',        N'Часть задач может быть заменена ИИ и роботами'),
(2, N'Выгорание',            N'Высокая нагрузка и стресс в профессии'),
(3, N'Быстрое устаревание',  N'Технологии меняются — нужно постоянно учиться'),
(4, N'Конкуренция',           N'Высокая конкуренция за рабочие места'),
(5, N'Этические дилеммы',    N'Сложные моральные вопросы в работе'),
(6, N'Длительное обучение',   N'Требуется 6+ лет подготовки'),
(7, N'Физические риски',      N'Работа с опасными материалами или условиями'),
(8, N'Регуляторные барьеры',  N'Строгое лицензирование и сертификация');

SET IDENTITY_INSERT Risks OFF;
GO

-- ==============================================================================
-- 4. ПЛАНЕТЫ (Профессии будущего)
-- ==============================================================================

SET IDENTITY_INSERT Planets ON;

INSERT INTO Planets (Id, ClusterId, Title, ScanCost, Description) VALUES
-- IT / Технологии
(1,  1, N'Full-Stack Разработчик',     0, N'Создаёт веб-приложения от фронтенда до бэкенда. Владеет несколькими языками и фреймворками.'),
(2,  1, N'Инженер машинного обучения',  3, N'Обучает нейросети, строит модели прогнозирования и системы рекомендаций.'),
(3,  1, N'Специалист по кибербезопасности', 4, N'Защищает системы от хакерских атак, проводит аудит безопасности.'),

-- Медицина
(4,  2, N'Врач-исследователь',          5, N'Разрабатывает новые методы лечения, проводит клинические испытания.'),
(5,  2, N'Биоинженер',                  4, N'Создаёт медицинские импланты, протезы и биоматериалы нового поколения.'),

-- Биотех
(6,  3, N'Генный инженер',              5, N'Редактирует ДНК для лечения наследственных заболеваний (CRISPR).'),
(7,  3, N'Агробиотехнолог',             3, N'Создаёт устойчивые сорта растений для борьбы с голодом.'),

-- Экология
(8,  4, N'Эколог-аналитик',             0, N'Мониторит состояние экосистем, разрабатывает программы восстановления.'),
(9,  4, N'Инженер возобновляемой энергетики', 4, N'Проектирует солнечные, ветряные и водородные энергосистемы.'),

-- Дизайн
(10, 5, N'UX/UI Дизайнер',              0, N'Создаёт удобные и красивые интерфейсы приложений и сервисов.'),
(11, 5, N'Промышленный дизайнер',        3, N'Проектирует предметы массового производства — от мебели до гаджетов.'),

-- Нейронауки
(12, 6, N'Нейробиолог',                 5, N'Изучает мозг на клеточном уровне, ищет причины нейродегенеративных заболеваний.'),
(13, 6, N'Инженер нейроинтерфейсов',    6, N'Создаёт устройства для связи мозг—компьютер (BCI).'),

-- Физика
(14, 7, N'Квантовый инженер',           6, N'Разрабатывает квантовые процессоры и алгоритмы.'),
(15, 7, N'Инженер термоядерного синтеза',7, N'Работает над реакторами будущего — чистая неисчерпаемая энергия.'),

-- Математика
(16, 8, N'Data Scientist',              0, N'Анализирует большие данные, строит прогнозные модели для бизнеса и науки.'),
(17, 8, N'Криптограф',                  5, N'Разрабатывает шифры и протоколы для защиты данных.');

SET IDENTITY_INSERT Planets OFF;
GO

-- ==============================================================================
-- 5. СВЯЗИ: Планеты ↔ Навыки
-- ==============================================================================

-- Full-Stack Разработчик
INSERT INTO Planet_Skills_Map (PlanetId, SkillId) VALUES
(1, 1), (1, 3), (1, 4), (1, 101), (1, 102);

-- ML-инженер
INSERT INTO Planet_Skills_Map (PlanetId, SkillId) VALUES
(2, 1), (2, 2), (2, 13), (2, 102), (2, 108);

-- Кибербезопасность
INSERT INTO Planet_Skills_Map (PlanetId, SkillId) VALUES
(3, 1), (3, 14), (3, 3), (3, 102), (3, 107);

-- Врач-исследователь
INSERT INTO Planet_Skills_Map (PlanetId, SkillId) VALUES
(4, 5), (4, 6), (4, 13), (4, 103), (4, 102);

-- Биоинженер
INSERT INTO Planet_Skills_Map (PlanetId, SkillId) VALUES
(5, 5), (5, 15), (5, 10), (5, 101), (5, 104);

-- Генный инженер
INSERT INTO Planet_Skills_Map (PlanetId, SkillId) VALUES
(6, 7), (6, 15), (6, 13), (6, 102), (6, 108);

-- Агробиотехнолог
INSERT INTO Planet_Skills_Map (PlanetId, SkillId) VALUES
(7, 7), (7, 16), (7, 8), (7, 101), (7, 107);

-- Эколог-аналитик
INSERT INTO Planet_Skills_Map (PlanetId, SkillId) VALUES
(8, 8), (8, 16), (8, 13), (8, 105), (8, 108);

-- Инженер ВИЭ
INSERT INTO Planet_Skills_Map (PlanetId, SkillId) VALUES
(9, 12), (9, 19), (9, 8), (9, 101), (9, 106);

-- UX/UI Дизайнер
INSERT INTO Planet_Skills_Map (PlanetId, SkillId) VALUES
(10, 9), (10, 17), (10, 104), (10, 103), (10, 110);

-- Промышленный дизайнер
INSERT INTO Planet_Skills_Map (PlanetId, SkillId) VALUES
(11, 10), (11, 9), (11, 104), (11, 101), (11, 110);

-- Нейробиолог
INSERT INTO Planet_Skills_Map (PlanetId, SkillId) VALUES
(12, 11), (12, 15), (12, 13), (12, 102), (12, 108);

-- Инженер нейроинтерфейсов
INSERT INTO Planet_Skills_Map (PlanetId, SkillId) VALUES
(13, 18), (13, 11), (13, 1), (13, 101), (13, 102);

-- Квантовый инженер
INSERT INTO Planet_Skills_Map (PlanetId, SkillId) VALUES
(14, 20), (14, 12), (14, 19), (14, 108), (14, 102);

-- Инженер термояда
INSERT INTO Planet_Skills_Map (PlanetId, SkillId) VALUES
(15, 12), (15, 19), (15, 101), (15, 106), (15, 107);

-- Data Scientist
INSERT INTO Planet_Skills_Map (PlanetId, SkillId) VALUES
(16, 1), (16, 2), (16, 13), (16, 19), (16, 105);

-- Криптограф
INSERT INTO Planet_Skills_Map (PlanetId, SkillId) VALUES
(17, 19), (17, 14), (17, 1), (17, 102), (17, 108);
GO

-- ==============================================================================
-- 6. СВЯЗИ: Планеты ↔ Риски
-- ==============================================================================

INSERT INTO Planet_Risks_Map (PlanetId, RiskId) VALUES
(1, 1), (1, 3),           -- Full-Stack: автоматизация, устаревание
(2, 1), (2, 3), (2, 5),   -- ML: автоматизация, устаревание, этика
(3, 3), (3, 4),           -- Кибербез: устаревание, конкуренция
(4, 2), (4, 6), (4, 5),   -- Врач: выгорание, долгое обучение, этика
(5, 8), (5, 6),           -- Биоинженер: регуляция, обучение
(6, 5), (6, 8),           -- Генный инженер: этика, регуляция
(7, 1), (7, 4),           -- Агробиотех: автоматизация, конкуренция
(8, 4),                   -- Эколог: конкуренция
(9, 3), (9, 7),           -- ВИЭ: устаревание, физ. риски
(10, 1), (10, 4),         -- UX: автоматизация, конкуренция
(11, 1), (11, 4),         -- Промдизайн: автоматизация, конкуренция
(12, 6), (12, 2),         -- Нейробиолог: долгое обучение, выгорание
(13, 3), (13, 8),         -- Нейроинтерфейс: устаревание, регуляция
(14, 3), (14, 6),         -- Квантовый: устаревание, обучение
(15, 7), (15, 6),         -- Термояд: физ. риски, обучение
(16, 1), (16, 3),         -- Data Science: автоматизация, устаревание
(17, 3), (17, 4);         -- Криптограф: устаревание, конкуренция
GO

-- ==============================================================================
-- 7. НАСТРОЙКИ ИГРЫ (LiveOps)
-- ==============================================================================

INSERT INTO GameSettings (KeyName, Value, Description) VALUES
(N'flight_duration_s',      N'60',    N'Длительность полёта в секундах'),
(N'minigame_duration_s',    N'30',    N'Длительность мини-игры в секундах'),
(N'scan_base_cost',         N'5',     N'Базовая стоимость сканирования'),
(N'crystal_flight_bonus',   N'1.0',   N'Множитель кристаллов за полёт'),
(N'version',                N'0.2.0', N'Текущая версия игры');
GO

-- ==============================================================================
-- 8. ОБРАЗОВАТЕЛЬНЫЕ ДАННЫЕ (ВУЗ)
-- ==============================================================================

-- Формы обучения
SET IDENTITY_INSERT EduForms ON;
INSERT INTO EduForms (Id, Name) VALUES
(1, N'Очная'),
(2, N'Заочная'),
(3, N'Очно-заочная');
SET IDENTITY_INSERT EduForms OFF;
GO

-- Базовые специализации
INSERT INTO BaseSpecializations (Code, Title) VALUES
(N'09.03.01', N'Информатика и вычислительная техника'),
(N'09.03.03', N'Прикладная информатика'),
(N'10.03.01', N'Информационная безопасность'),
(N'31.05.01', N'Лечебное дело'),
(N'06.03.01', N'Биология'),
(N'05.03.06', N'Экология и природопользование'),
(N'54.03.01', N'Дизайн'),
(N'03.03.02', N'Физика'),
(N'01.03.02', N'Прикладная математика и информатика');
GO

-- Связь: Планеты ↔ Специализации
INSERT INTO Spec_Planet_Map (SpecCode, PlanetId) VALUES
(N'09.03.01', 1),  -- Full-Stack → Информатика
(N'09.03.03', 1),  -- Full-Stack → Прикладная информатика
(N'09.03.03', 2),  -- ML → Прикладная информатика
(N'10.03.01', 3),  -- Кибербез → ИБ
(N'31.05.01', 4),  -- Врач → Лечебное дело
(N'06.03.01', 5),  -- Биоинженер → Биология
(N'06.03.01', 6),  -- Генный инженер → Биология
(N'06.03.01', 7),  -- Агробиотех → Биология
(N'05.03.06', 8),  -- Эколог → Экология
(N'05.03.06', 9),  -- ВИЭ → Экология
(N'54.03.01', 10), -- UX → Дизайн
(N'54.03.01', 11), -- Промдизайн → Дизайн
(N'06.03.01', 12), -- Нейробиолог → Биология
(N'09.03.01', 13), -- Нейроинтерфейс → Информатика
(N'03.03.02', 14), -- Квантовый → Физика
(N'03.03.02', 15), -- Термояд → Физика
(N'01.03.02', 16), -- Data Science → Прикл. математика
(N'01.03.02', 17); -- Криптограф → Прикл. математика
GO

-- Предметы ЕГЭ
SET IDENTITY_INSERT Subjects ON;
INSERT INTO Subjects (Id, Name) VALUES
(1, N'Математика (профиль)'),
(2, N'Русский язык'),
(3, N'Информатика'),
(4, N'Физика'),
(5, N'Биология'),
(6, N'Химия'),
(7, N'Обществознание'),
(8, N'Литература');
SET IDENTITY_INSERT Subjects OFF;
GO

PRINT N'✅ Seed data loaded successfully!';
GO
