-- ==============================================================================
-- SEED DATA: Галактика Призвания (Stellar Vocation)
-- Наполнение справочников: кластеры, планеты (профессии), навыки, риски, ВУЗ-данные
-- Адаптировано под 3NF + Аналитика (init_db.sql)
-- СТРОГО: 3 кластера и каноничный список профессий будущего
-- ==============================================================================

-- ==============================================================================
-- 1. КЛАСТЕРЫ (Образовательные направления / Астероидные пояса)
-- ==============================================================================

SET IDENTITY_INSERT Clusters ON;

INSERT INTO Clusters (Id, Name, DisplayName, CrystalType, Description) VALUES
(1, 'programming', N'Туманность Кибернетики', 'programming', N'Программирование (IT & Data) — искусственный интеллект, большие данные, кибербезопасность'),
(2, 'medicine',    N'Туманность Целителей',   'medicine',    N'Медицина (Био & Нейро) — биоинженерия, персонализированная медицина, генетика'),
(3, 'geology',     N'Туманность Геодезистов', 'geology',     N'Геология (Экология & Среда) — умные среды, киберфизические системы, эко-безопасность');

SET IDENTITY_INSERT Clusters OFF;
GO

-- ==============================================================================
-- 2. НАВЫКИ (Hard + Soft)
-- ==============================================================================

SET IDENTITY_INSERT Skills ON;

-- Hard skills
INSERT INTO Skills (Id, Name, SkillType) VALUES
(1,  N'Программирование (Python, C++)', 'Hard'),
(2,  N'Анализ данных (Big Data)',       'Hard'),
(3,  N'Проектирование нейросетей',      'Hard'),
(4,  N'Генетический анализ',            'Hard'),
(5,  N'Биоинформатика',                 'Hard'),
(6,  N'КИПиА и датчики (IoT)',          'Hard'),
(7,  N'Кибербезопасность',              'Hard'),
(8,  N'Экологический мониторинг',       'Hard'),
(9,  N'3D-моделирование и VR',          'Hard'),
(10, N'Квантовая механика',             'Hard');

-- Soft skills
INSERT INTO Skills (Id, Name, SkillType) VALUES
(101, N'Системное мышление',            'Soft'),
(102, N'Критическое мышление',          'Soft'),
(103, N'Эмпатия',                       'Soft'),
(104, N'Этика и ответственность',       'Soft'),
(105, N'Креативность',                  'Soft');

SET IDENTITY_INSERT Skills OFF;
GO

-- ==============================================================================
-- 3. РИСКИ
-- ==============================================================================

SET IDENTITY_INSERT Risks ON;

INSERT INTO Risks (Id, Name, Description) VALUES
(1, N'Угроза автоматизации',  N'Часть рутинных задач может быть передана ИИ'),
(2, N'Сложные этические дилеммы', N'Необходимость принимать морально сложные решения'),
(3, N'Быстрое устаревание',   N'Технологии меняются стремительно, нужно постоянное обучение'),
(4, N'Выгорание',             N'Высокий уровень стресса и ответственности'),
(5, N'Экологические риски',   N'Работа в условиях нестабильной окружающей среды');

SET IDENTITY_INSERT Risks OFF;
GO

-- ==============================================================================
-- 4. ПЛАНЕТЫ (Профессии будущего)
-- ==============================================================================

SET IDENTITY_INSERT Planets ON;

INSERT INTO Planets (Id, ClusterId, Title, TextureId, UnlockCost, Description) VALUES
-- ==========================================
-- КЛАСТЕР 1: Программирование (IT & Data)
-- ==========================================
(1,  1, N'AI-архитектор',                        NULL, 5, N'Проектирует глобальные системы искусственного интеллекта.'),
(2,  1, N'Big Data Analyst',                     NULL, 3, N'Анализирует огромные массивы данных для поиска скрытых закономерностей.'),
(3,  1, N'Архитектор информационных систем',     NULL, 4, N'Создает архитектуру сложных корпоративных и глобальных сетей.'),
(4,  1, N'Дизайнер интерфейсов',                 NULL, 2, N'Разрабатывает UX/UI для программ, нейроинтерфейсов и VR.'),
(5,  1, N'ИТ-аудитор',                           NULL, 4, N'Проверяет безопасность и эффективность IT-инфраструктуры.'),
(6,  1, N'Инженер данных',                       NULL, 3, N'Создает конвейеры для сбора, хранения и обработки данных.'),
(7,  1, N'Инженер-разработчик IoT',              NULL, 4, N'Проектирует системы "Интернета вещей" и умных устройств.'),
(8,  1, N'Квантовый инженер',                    NULL, 8, N'Разрабатывает алгоритмы и аппаратную часть для квантовых компьютеров.'),
(9,  1, N'Кибернетик',                           NULL, 5, N'Изучает и проектирует системы управления в машинах и живых организмах.'),
(10, 1, N'Куратор информационной безопасности',  NULL, 5, N'Обеспечивает глобальную защиту данных от киберугроз.'),
(11, 1, N'Разработчик систем диспетчеризации',   NULL, 3, N'Создает ПО для управления транспортом и логистикой.'),
(12, 1, N'Разработчик моделей Big Data',         NULL, 4, N'Строит предиктивные модели на основе больших данных.'),
(13, 1, N'Специалист по ИИ',                     NULL, 5, N'Обучает узконаправленные нейросети под конкретные задачи.'),
(14, 1, N'Специалист по компьютерному зрению',   NULL, 4, N'Учит машины "видеть" и распознавать объекты в реальном мире.'),

-- ==========================================
-- КЛАСТЕР 2: Медицина (Био & Нейро)
-- ==========================================
(15, 2, N'Врач персонифицированной медицины',    NULL, 6, N'Лечит пациентов, основываясь на их индивидуальном генетическом коде.'),
(16, 2, N'Генетический консультант',             NULL, 5, N'Анализирует риски наследственных заболеваний.'),
(17, 2, N'Геронтолог',                           NULL, 5, N'Специалист по продлению жизни и здоровому старению.'),
(18, 2, N'Молекулярный диетолог',                NULL, 4, N'Составляет диеты на основе молекулярного анализа организма.'),
(19, 2, N'Неонатолог',                           NULL, 6, N'Специалист по здоровью новорожденных с использованием новых технологий.'),
(20, 2, N'Оператор медицинских роботов',         NULL, 4, N'Управляет роботами-хирургами при сложных операциях.'),
(21, 2, N'Тканевый инженер',                     NULL, 7, N'Создает искусственные органы и ткани для трансплантации.'),
(22, 2, N'Биоинформатик',                        NULL, 5, N'Использует IT для решения сложных биологических задач.'),
(23, 2, N'ИТ-генетик',                           NULL, 6, N'Программирует ДНК и работает с генетическими базами данных.'),
(24, 2, N'Клинический биоинформатик',            NULL, 6, N'Внедряет биоинформатику в реальную клиническую практику.'),
(25, 2, N'Нейроинформатик',                      NULL, 7, N'Изучает мозг как вычислительную систему.'),
(26, 2, N'Специалист по нейромоделированию',     NULL, 6, N'Создает цифровые копии работы мозга.'),

-- ==========================================
-- КЛАСТЕР 3: Геология (Экология & Среда)
-- ==========================================
(27, 3, N'ГМО-агроном',                          NULL, 4, N'Выращивает генно-модифицированные культуры, устойчивые к климату.'),
(28, 3, N'Экологическая безопасность недропользования', NULL, 5, N'Контролирует влияние добычи ресурсов на планету.'),
(29, 3, N'Кибертехник умных сред',               NULL, 5, N'Настраивает и обслуживает умные города и эко-здания.'),
(30, 3, N'Специалист по киберфизическим системам', NULL, 6, N'Объединяет физические объекты с цифровыми двойниками.'),
(31, 3, N'Специалист по виртуальному прототипированию', NULL, 4, N'Создает виртуальные модели пространственных ландшафтов.')
;

SET IDENTITY_INSERT Planets OFF;
GO

-- ==============================================================================
-- 5. СВЯЗИ: Планеты ↔ Навыки (Примерное заполнение для демонстрации)
-- ==============================================================================

-- AI-архитектор (IT)
INSERT INTO Planet_Skills_Map (PlanetId, SkillId) VALUES
(1, 1), (1, 2), (1, 3), (1, 101), (1, 102);

-- Врач персонифицированной медицины (Медицина)
INSERT INTO Planet_Skills_Map (PlanetId, SkillId) VALUES
(15, 4), (15, 5), (15, 103), (15, 104);

-- Кибертехник умных сред (Геология)
INSERT INTO Planet_Skills_Map (PlanetId, SkillId) VALUES
(29, 6), (29, 8), (29, 101), (29, 105);
GO

-- ==============================================================================
-- 6. СВЯЗИ: Планеты ↔ Риски (Примерное заполнение)
-- ==============================================================================

-- AI-архитектор: Быстрое устаревание, Выгорание
INSERT INTO Planet_Risks_Map (PlanetId, RiskId) VALUES (1, 3), (1, 4);

-- Генетический консультант: Этические дилеммы
INSERT INTO Planet_Risks_Map (PlanetId, RiskId) VALUES (16, 2);

-- Экологическая безопасность: Экологические риски
INSERT INTO Planet_Risks_Map (PlanetId, RiskId) VALUES (28, 5);
GO

-- ==============================================================================
-- 7. НАСТРОЙКИ ИГРЫ (LiveOps)
-- ==============================================================================

INSERT INTO GameSettings (KeyName, Value, Description) VALUES
(N'flight_duration_s',      N'60',    N'Длительность полёта в секундах'),
(N'minigame_duration_s',    N'30',    N'Длительность мини-игры в секундах'),
(N'unlock_base_cost',       N'5',     N'Базовая стоимость открытия планеты'),
(N'crystal_flight_bonus',   N'1.0',   N'Множитель кристаллов за полёт'),
(N'version',                N'1.0.0', N'Релизная версия базы');
GO

-- ==============================================================================
-- 8. ОБРАЗОВАТЕЛЬНЫЕ ДАННЫЕ (ВУЗ)
-- ==============================================================================

-- Формы обучения
SET IDENTITY_INSERT EduForms ON;
INSERT INTO EduForms (Id, Name) VALUES
(1, N'Очная'),
(2, N'Заочная'),
(3, N'Очно-заочная');
SET IDENTITY_INSERT EduForms OFF;
GO

-- Базовые специализации
INSERT INTO BaseSpecializations (Code, Title) VALUES
(N'09.03.01', N'Информатика и вычислительная техника'),
(N'01.03.02', N'Прикладная математика и информатика'),
(N'31.05.01', N'Лечебное дело'),
(N'06.03.01', N'Биология'),
(N'05.03.06', N'Экология и природопользование');
GO

-- Связь: Планеты ↔ Специализации (Демонстрационная связка)
INSERT INTO Spec_Planet_Map (SpecCode, PlanetId) VALUES
(N'09.03.01', 1),   -- Информатика -> AI-архитектор
(N'01.03.02', 2),   -- Прикладная математика -> Big Data Analyst
(N'31.05.01', 15),  -- Лечебное дело -> Врач персонифицированной медицины
(N'06.03.01', 22),  -- Биология -> Биоинформатик
(N'05.03.06', 28);  -- Экология -> Экологическая безопасность недропользования
GO

-- Предметы ЕГЭ
SET IDENTITY_INSERT Subjects ON;
INSERT INTO Subjects (Id, Name) VALUES
(1, N'Математика (профиль)'),
(2, N'Русский язык'),
(3, N'Информатика'),
(4, N'Физика'),
(5, N'Биология'),
(6, N'Химия'),
(7, N'Обществознание'),
(8, N'География');
SET IDENTITY_INSERT Subjects OFF;
GO

PRINT N'Seed data loaded successfully';
GO