-- ==============================================================================
-- SEED DATA: Галактика Призвания (Stellar Vocation)
-- Наполнение справочников: кластеры, планеты (профессии), навыки, риски, ВУЗ-данные
-- Адаптировано под 3NF + Аналитика (init_db.sql)
-- СТРОГО: 3 кластера и каноничный список профессий будущего
-- ==============================================================================

-- ==============================================================================
-- 1. КЛАСТЕРЫ (Образовательные направления / Астероидные пояса)
-- ==============================================================================

SET IDENTITY_INSERT Clusters ON;

INSERT INTO Clusters (Id, Name, DisplayName, CrystalType, Description) VALUES
(1, 'programming', N'Туманность Кибернетики', 'programming', N'Программирование (IT & Data) — искусственный интеллект, большие данные, кибербезопасность'),
(2, 'medicine',    N'Туманность Целителей',   'medicine',    N'Медицина (Био & Нейро) — биоинженерия, персонализированная медицина, генетика'),
(3, 'geology',     N'Туманность Геодезистов', 'geology',     N'Геология (Экология & Среда) — умные среды, киберфизические системы, эко-безопасность');

SET IDENTITY_INSERT Clusters OFF;
GO

-- ==============================================================================
-- 2. НАВЫКИ (Hard + Soft)
-- ==============================================================================

SET IDENTITY_INSERT Skills ON;

-- Hard skills
INSERT INTO Skills (Id, Name, SkillType) VALUES
(1,  N'Программирование (Python, C++)', 'Hard'),
(2,  N'Анализ данных (Big Data)',       'Hard'),
(3,  N'Проектирование нейросетей',      'Hard'),
(4,  N'Генетический анализ',            'Hard'),
(5,  N'Биоинформатика',                 'Hard'),
(6,  N'КИПиА и датчики (IoT)',          'Hard'),
(7,  N'Кибербезопасность',              'Hard'),
(8,  N'Экологический мониторинг',       'Hard'),
(9,  N'3D-моделирование и VR',          'Hard'),
(10, N'Квантовая механика',             'Hard');

-- Soft skills
INSERT INTO Skills (Id, Name, SkillType) VALUES
(101, N'Системное мышление',            'Soft'),
(102, N'Критическое мышление',          'Soft'),
(103, N'Эмпатия',                       'Soft'),
(104, N'Этика и ответственность',       'Soft'),
(105, N'Креативность',                  'Soft');

SET IDENTITY_INSERT Skills OFF;
GO

-- ==============================================================================
-- 3. РИСКИ
-- ==============================================================================

SET IDENTITY_INSERT Risks ON;

INSERT INTO Risks (Id, Name, Description) VALUES
(1, N'Угроза автоматизации',  N'Часть рутинных задач может быть передана ИИ'),
(2, N'Сложные этические дилеммы', N'Необходимость принимать морально сложные решения'),
(3, N'Быстрое устаревание',   N'Технологии меняются стремительно, нужно постоянное обучение'),
(4, N'Выгорание',             N'Высокий уровень стресса и ответственности'),
(5, N'Экологические риски',   N'Работа в условиях нестабильной окружающей среды');

SET IDENTITY_INSERT Risks OFF;
GO

-- ==============================================================================
-- 4. ПЛАНЕТЫ (Профессии будущего)
-- ==============================================================================

SET IDENTITY_INSERT Planets ON;

INSERT INTO Planets (Id, ClusterId, Title, TextureId, UnlockCost, Description) VALUES
-- ==========================================
-- КЛАСТЕР 1: Программирование (IT & Data)
-- ==========================================
(1,  1, N'AI-архитектор',                        NULL, 5, N'Проектирует глобальные системы искусственного интеллекта.'),
(2,  1, N'Big Data Analyst',                     NULL, 3, N'Анализирует огромные массивы данных для поиска скрытых закономерностей.'),
(3,  1, N'Архитектор информационных систем',     NULL, 4, N'Создает архитектуру сложных корпоративных и глобальных сетей.'),
(4,  1, N'Дизайнер интерфейсов',                 NULL, 2, N'Разрабатывает UX/UI для программ, нейроинтерфейсов и VR.'),
(5,  1, N'ИТ-аудитор',                           NULL, 4, N'Проверяет безопасность и эффективность IT-инфраструктуры.'),
(6,  1, N'Инженер данных',                       NULL, 3, N'Создает конвейеры для сбора, хранения и обработки данных.'),
(7,  1, N'Инженер-разработчик IoT',              NULL, 4, N'Проектирует системы "Интернета вещей" и умных устройств.'),
(8,  1, N'Квантовый инженер',                    NULL, 8, N'Разрабатывает алгоритмы и аппаратную часть для квантовых компьютеров.'),
(9,  1, N'Кибернетик',                           NULL, 5, N'Изучает и проектирует системы управления в машинах и живых организмах.'),
(10, 1, N'Куратор информационной безопасности',  NULL, 5, N'Обеспечивает глобальную защиту данных от киберугроз.'),
(11, 1, N'Разработчик систем диспетчеризации',   NULL, 3, N'Создает ПО для управления транспортом и логистикой.'),
(12, 1, N'Разработчик моделей Big Data',         NULL, 4, N'Строит предиктивные модели на основе больших данных.'),
(13, 1, N'Специалист по ИИ',                     NULL, 5, N'Обучает узконаправленные нейросети под конкретные задачи.'),
(14, 1, N'Специалист по компьютерному зрению',   NULL, 4, N'Учит машины "видеть" и распознавать объекты в реальном мире.'),

-- ==========================================
-- КЛАСТЕР 2: Медицина (Био & Нейро)
-- ==========================================
(15, 2, N'Врач персонифицированной медицины',    NULL, 6, N'Лечит пациентов, основываясь на их индивидуальном генетическом коде.'),
(16, 2, N'Генетический консультант',             NULL, 5, N'Анализирует риски наследственных заболеваний.'),
(17, 2, N'Геронтолог',                           NULL, 5, N'Специалист по продлению жизни и здоровому старению.'),
(18, 2, N'Молекулярный диетолог',                NULL, 4, N'Составляет диеты на основе молекулярного анализа организма.'),
(19, 2, N'Неонатолог',                           NULL, 6, N'Специалист по здоровью новорожденных с использованием новых технологий.'),
(20, 2, N'Оператор медицинских роботов',         NULL, 4, N'Управляет роботами-хирургами при сложных операциях.'),
(21, 2, N'Тканевый инженер',                     NULL, 7, N'Создает искусственные органы и ткани для трансплантации.'),
(22, 2, N'Биоинформатик',                        NULL, 5, N'Использует IT для решения сложных биологических задач.'),
(23, 2, N'ИТ-генетик',                           NULL, 6, N'Программирует ДНК и работает с генетическими базами данных.'),
(24, 2, N'Клинический биоинформатик',            NULL, 6, N'Внедряет биоинформатику в реальную клиническую практику.'),
(25, 2, N'Нейроинформатик',                      NULL, 7, N'Изучает мозг как вычислительную систему.'),
(26, 2, N'Специалист по нейромоделированию',     NULL, 6, N'Создает цифровые копии работы мозга.'),

-- ==========================================
-- КЛАСТЕР 3: Геология (Экология & Среда)
-- ==========================================
(27, 3, N'ГМО-агроном',                          NULL, 4, N'Выращивает генно-модифицированные культуры, устойчивые к климату.'),
(28, 3, N'Экологическая безопасность недропользования', NULL, 5, N'Контролирует влияние добычи ресурсов на планету.'),
(29, 3, N'Кибертехник умных сред',               NULL, 5, N'Настраивает и обслуживает умные города и эко-здания.'),
(30, 3, N'Специалист по киберфизическим системам', NULL, 6, N'Объединяет физические объекты с цифровыми двойниками.'),
(31, 3, N'Специалист по виртуальному прототипированию', NULL, 4, N'Создает виртуальные модели пространственных ландшафтов.')
;

SET IDENTITY_INSERT Planets OFF;
GO

-- ==============================================================================
-- 5. СВЯЗИ: Планеты ↔ Навыки (Примерное заполнение для демонстрации)
-- ==============================================================================

-- AI-архитектор (IT)
INSERT INTO Planet_Skills_Map (PlanetId, SkillId) VALUES
(1, 1), (1, 2), (1, 3), (1, 101), (1, 102);

-- Врач персонифицированной медицины (Медицина)
INSERT INTO Planet_Skills_Map (PlanetId, SkillId) VALUES
(15, 4), (15, 5), (15, 103), (15, 104);

-- Кибертехник умных сред (Геология)
INSERT INTO Planet_Skills_Map (PlanetId, SkillId) VALUES
(29, 6), (29, 8), (29, 101), (29, 105);
GO

-- ==============================================================================
-- 6. СВЯЗИ: Планеты ↔ Риски (Примерное заполнение)
-- ==============================================================================

-- AI-архитектор: Быстрое устаревание, Выгорание
INSERT INTO Planet_Risks_Map (PlanetId, RiskId) VALUES (1, 3), (1, 4);

-- Генетический консультант: Этические дилеммы
INSERT INTO Planet_Risks_Map (PlanetId, RiskId) VALUES (16, 2);

-- Экологическая безопасность: Экологические риски
INSERT INTO Planet_Risks_Map (PlanetId, RiskId) VALUES (28, 5);
GO

-- ==============================================================================
-- 7. НАСТРОЙКИ ИГРЫ (LiveOps)
-- ==============================================================================

INSERT INTO GameSettings (KeyName, Value, Description) VALUES
(N'flight_duration_s',      N'60',    N'Длительность полёта в секундах'),
(N'minigame_duration_s',    N'30',    N'Длительность мини-игры в секундах'),
(N'unlock_base_cost',       N'5',     N'Базовая стоимость открытия планеты'),
(N'crystal_flight_bonus',   N'1.0',   N'Множитель кристаллов за полёт'),
(N'version',                N'1.0.0', N'Релизная версия базы');
GO

-- ==============================================================================
-- 8. ОБРАЗОВАТЕЛЬНЫЕ ДАННЫЕ (ВУЗ)
-- ==============================================================================

-- Формы обучения
SET IDENTITY_INSERT EduForms ON;
INSERT INTO EduForms (Id, Name) VALUES
(1, N'Очная'),
(2, N'Заочная'),
(3, N'Очно-заочная');
SET IDENTITY_INSERT EduForms OFF;
GO

-- Базовые специализации
INSERT INTO BaseSpecializations (Code, Title) VALUES
(N'09.03.01', N'Информатика и вычислительная техника'),
(N'01.03.02', N'Прикладная математика и информатика'),
(N'31.05.01', N'Лечебное дело'),
(N'06.03.01', N'Биология'),
(N'05.03.06', N'Экология и природопользование');
GO

-- Связь: Планеты ↔ Специализации (Демонстрационная связка)
INSERT INTO Spec_Planet_Map (SpecCode, PlanetId) VALUES
(N'09.03.01', 1),   -- Информатика -> AI-архитектор
(N'01.03.02', 2),   -- Прикладная математика -> Big Data Analyst
(N'31.05.01', 15),  -- Лечебное дело -> Врач персонифицированной медицины
(N'06.03.01', 22),  -- Биология -> Биоинформатик
(N'05.03.06', 28);  -- Экология -> Экологическая безопасность недропользования
GO

-- Предметы ЕГЭ
SET IDENTITY_INSERT Subjects ON;
INSERT INTO Subjects (Id, Name) VALUES
(1, N'Математика (профиль)'),
(2, N'Русский язык'),
(3, N'Информатика'),
(4, N'Физика'),
(5, N'Биология'),
(6, N'Химия'),
(7, N'Обществознание'),
(8, N'География');
SET IDENTITY_INSERT Subjects OFF;
GO

PRINT N'Seed data loaded successfully';
GO

-- ==============================================================================
-- 9. ОБРАЗОВАТЕЛЬНЫЕ ПРОГРАММЫ (для страницы «Направления»)
-- ==============================================================================

SET IDENTITY_INSERT Programs ON;

INSERT INTO Programs (Id, SpecCode, FormId, YearsEduc, Description) VALUES
(1, N'09.03.01', 1, 4,
    N'Подготовка специалистов в области проектирования, разработки и сопровождения вычислительных систем, сетей и программного обеспечения.'),
(2, N'01.03.02', 1, 4,
    N'Фундаментальная подготовка в области математического моделирования, анализа данных и разработки программного обеспечения для решения прикладных задач.'),
(3, N'31.05.01', 1, 6,
    N'Подготовка врачей широкого профиля с углублёнными знаниями в области диагностики, лечения и профилактики заболеваний.'),
(4, N'06.03.01', 1, 4,
    N'Изучение живых систем на всех уровнях организации — от молекулярного до экосистемного, с акцентом на современные биотехнологии.'),
(5, N'05.03.06', 1, 4,
    N'Подготовка специалистов в области охраны окружающей среды, рационального использования природных ресурсов и экологического мониторинга.');

SET IDENTITY_INSERT Programs OFF;
GO

-- ==============================================================================
-- 9.1 СПРАВОЧНИК ДИСЦИПЛИН И СВЯЗИ С ПРОГРАММАМИ
-- ==============================================================================

SET IDENTITY_INSERT Disciplines ON;
INSERT INTO Disciplines (Id, Name) VALUES
-- 09.03.01 Информатика
(1,  N'Программирование'),
(2,  N'Базы данных'),
(3,  N'Компьютерные сети'),
(4,  N'Операционные системы'),
(5,  N'Архитектура ЭВМ'),
(6,  N'Алгоритмы и структуры данных'),
(7,  N'Веб-технологии'),
(8,  N'Информационная безопасность'),
-- 01.03.02 Прикладная математика
(9,  N'Математический анализ'),
(10, N'Линейная алгебра'),
(11, N'Теория вероятностей'),
(12, N'Дискретная математика'),
(13, N'Методы оптимизации'),
(14, N'Численные методы'),
(15, N'Машинное обучение'),
(16, N'Статистика'),
-- 31.05.01 Лечебное дело
(17, N'Анатомия'),
(18, N'Физиология'),
(19, N'Биохимия'),
(20, N'Фармакология'),
(21, N'Патологическая анатомия'),
(22, N'Внутренние болезни'),
(23, N'Хирургия'),
(24, N'Акушерство и гинекология'),
-- 06.03.01 Биология
(25, N'Общая биология'),
(26, N'Генетика'),
(27, N'Микробиология'),
(28, N'Экология'),
(29, N'Молекулярная биология'),
(30, N'Биоинформатика'),
(31, N'Физиология растений и животных'),
-- 05.03.06 Экология
(32, N'Общая экология'),
(33, N'Геоэкология'),
(34, N'Экологический мониторинг'),
(35, N'Природопользование'),
(36, N'Охрана окружающей среды'),
(37, N'Экологическая экспертиза'),
(38, N'ГИС-технологии'),
(39, N'Почвоведение');
SET IDENTITY_INSERT Disciplines OFF;
GO

INSERT INTO Program_Disciplines_Map (ProgramId, DisciplineId) VALUES
-- Program 1: 09.03.01
(1, 1), (1, 2), (1, 3), (1, 4), (1, 5), (1, 6), (1, 7), (1, 8),
-- Program 2: 01.03.02
(2, 9), (2, 10), (2, 11), (2, 12), (2, 13), (2, 14), (2, 15), (2, 16),
-- Program 3: 31.05.01
(3, 17), (3, 18), (3, 19), (3, 20), (3, 21), (3, 22), (3, 23), (3, 24),
-- Program 4: 06.03.01
(4, 25), (4, 26), (4, 27), (4, 28), (4, 29), (4, 30), (4, 19), (4, 31),
-- Program 5: 05.03.06
(5, 32), (5, 33), (5, 34), (5, 35), (5, 36), (5, 37), (5, 38), (5, 39);
GO

-- ==============================================================================
-- 9.2 СПРАВОЧНИК СФЕР ТРУДОУСТРОЙСТВА И СВЯЗИ С ПРОГРАММАМИ
-- ==============================================================================

SET IDENTITY_INSERT Spheres ON;
INSERT INTO Spheres (Id, Name) VALUES
(1,  N'IT-компании'),
(2,  N'Банковский сектор'),
(3,  N'Государственные информационные системы'),
(4,  N'Телекоммуникации'),
(5,  N'Стартапы'),
(6,  N'Аналитика данных'),
(7,  N'Финансовый сектор'),
(8,  N'Научно-исследовательские институты'),
(9,  N'IT-консалтинг'),
(10, N'Медицинские учреждения'),
(11, N'Научные центры'),
(12, N'Фармацевтические компании'),
(13, N'Телемедицина'),
(14, N'Биотехнологические компании'),
(15, N'Лаборатории'),
(16, N'Экологические службы'),
(17, N'Пищевая промышленность'),
(18, N'Природоохранные организации'),
(19, N'Экологический консалтинг'),
(20, N'Государственные надзорные органы'),
(21, N'Добывающая промышленность');
SET IDENTITY_INSERT Spheres OFF;
GO

INSERT INTO Program_Spheres_Map (ProgramId, SphereId) VALUES
-- Program 1: 09.03.01
(1, 1), (1, 2), (1, 3), (1, 4), (1, 5),
-- Program 2: 01.03.02
(2, 6), (2, 7), (2, 8), (2, 9),
-- Program 3: 31.05.01
(3, 10), (3, 11), (3, 12), (3, 13),
-- Program 4: 06.03.01
(4, 14), (4, 15), (4, 16), (4, 17), (4, 11),
-- Program 5: 05.03.06
(5, 18), (5, 19), (5, 20), (5, 21);
GO

-- ==============================================================================
-- 10. СВЯЗИ: Программы ↔ Предметы ЕГЭ
-- ==============================================================================

-- 09.03.01 Информатика и вычислительная техника
INSERT INTO Program_Subjects_Map (ProgramId, SubjectId, MinScore) VALUES
(1, 1, 39),  -- Математика (профиль)
(1, 2, 40),  -- Русский язык
(1, 3, 44);  -- Информатика
GO

-- 01.03.02 Прикладная математика и информатика
INSERT INTO Program_Subjects_Map (ProgramId, SubjectId, MinScore) VALUES
(2, 1, 39),  -- Математика (профиль)
(2, 2, 40),  -- Русский язык
(2, 4, 39);  -- Физика
GO

-- 31.05.01 Лечебное дело
INSERT INTO Program_Subjects_Map (ProgramId, SubjectId, MinScore) VALUES
(3, 2, 40),  -- Русский язык
(3, 5, 39),  -- Биология
(3, 6, 39);  -- Химия
GO

-- 06.03.01 Биология
INSERT INTO Program_Subjects_Map (ProgramId, SubjectId, MinScore) VALUES
(4, 2, 40),  -- Русский язык
(4, 5, 39),  -- Биология
(4, 1, 39);  -- Математика (профиль)
GO

-- 05.03.06 Экология и природопользование
INSERT INTO Program_Subjects_Map (ProgramId, SubjectId, MinScore) VALUES
(5, 2, 40),  -- Русский язык
(5, 8, 40),  -- География
(5, 1, 39);  -- Математика (профиль)
GO

-- ==============================================================================
-- 11. СТАТИСТИКА ПРИЁМА (несколько лет)
-- ==============================================================================

-- 09.03.01 Информатика
INSERT INTO AdmissionStats (ProgramId, Year, Price, BudgetPlaces, MinPassingScore, AvgEgeScore) VALUES
(1, 2024, 128000.00, 50, 180, 72.5),
(1, 2023, 120000.00, 45, 175, 70.1),
(1, 2022, 110000.00, 40, 168, 67.8);
GO

-- 01.03.02 Прикладная математика
INSERT INTO AdmissionStats (ProgramId, Year, Price, BudgetPlaces, MinPassingScore, AvgEgeScore) VALUES
(2, 2024, 128000.00, 25, 190, 74.2),
(2, 2023, 120000.00, 25, 185, 71.0),
(2, 2022, 110000.00, 20, 178, 69.5);
GO

-- 31.05.01 Лечебное дело
INSERT INTO AdmissionStats (ProgramId, Year, Price, BudgetPlaces, MinPassingScore, AvgEgeScore) VALUES
(3, 2024, 180000.00, 30, 220, 78.3),
(3, 2023, 165000.00, 30, 215, 76.0),
(3, 2022, 155000.00, 25, 210, 74.2);
GO

-- 06.03.01 Биология
INSERT INTO AdmissionStats (ProgramId, Year, Price, BudgetPlaces, MinPassingScore, AvgEgeScore) VALUES
(4, 2024, 115000.00, 20, 165, 66.8),
(4, 2023, 108000.00, 20, 160, 64.5),
(4, 2022, 100000.00, 18, 155, 62.0);
GO

-- 05.03.06 Экология и природопользование
INSERT INTO AdmissionStats (ProgramId, Year, Price, BudgetPlaces, MinPassingScore, AvgEgeScore) VALUES
(5, 2024, 115000.00, 15, 155, 63.5),
(5, 2023, 108000.00, 15, 150, 61.2),
(5, 2022, 100000.00, 12, 145, 59.0);
GO

PRINT N'Seed data (Programs, Subjects, AdmissionStats) loaded successfully';
GO